lon,lat,flaeche,kaltmiete,europrom2
12.398086630742,51.34748015,372.73,2220.00,5.9560539800928
12.2927909,51.3576222,212.00,1110.00,5.2358490566038
12.4704428,51.3601097,179.81,1155.27,6.42494855681
12.3167598,51.3472545,405.27,1899.00,4.6857650455252
12.3433,51.32075,174.20,1066.00,6.1194029850746
12.37473,51.36687,599.62,3375.00,5.6285647576799
12.40598,51.33156,762.60,4759.00,6.2404930500918
12.3259094,51.3325289,306.86,1600.00,5.2141041517304
12.37392,51.36839,210.50,962.00,4.5700712589074
12.4125368,51.3466799,727.60,3563.00,4.8969213853766
12.40535,51.3387,192.27,1234.00,6.4180579393561
12.34213,51.32539,181.00,1300.00,7.182320441989
12.3288877,51.3030879,170.16,920.00,5.4066760695816
12.4094126,51.345805,225.00,1360.00,6.0444444444444
12.3237494,51.3435339,1686.26,12135.01,7.1964050620901
12.4309902,51.3490001,148.00,820.00,5.5405405405405
12.3235694,51.3423053,242.00,1140.00,4.7107438016529
12.374369845395,51.3043079,507.20,3165.00,6.240141955836
12.30872,51.27122,147.00,762.50,5.187074829932
12.3649289,51.3698286,186.00,1209.00,6.5
12.418729564959,51.3211924,389.10,2144.00,5.5101516319712
12.380721,51.3583476,194.37,961.00,4.9441786283892
12.4103773736797,51.3542346,485.50,2483.61,5.1155715756952
12.3802753,51.3062932,208.57,1399.00,6.7075801889054
12.3246964,51.3324168,292.00,2016.00,6.9041095890411
12.4214548,51.3333944,161.42,945.00,5.8542931483088
12.2863453,51.3518901,141.00,814.00,5.7730496453901
12.3318703,51.322056,76.00,659.00,8.6710526315789
12.375304692574,51.30465625,438.45,2876.00,6.5594708632683
12.36897,51.36094,146.00,780.00,5.3424657534247
12.3202437,51.344513,1327.37,9225.00,6.949833128668
12.4013,51.32657,174.00,858.00,4.9310344827586
12.4344142,51.3069443,118.05,605.00,5.1249470563321
12.40058,51.32972,190.22,1024.00,5.3832404584166
12.3571375007623,51.3634183,159.60,868.00,5.4385964912281
12.3635488,51.3428075,250.00,2178.00,8.712
12.33664,51.38928,234.00,1390.00,5.9401709401709
12.3378914,51.3270922,208.38,1130.00,5.4227852960937
12.326083048878,51.37352885,244.96,1142.00,4.661985630307
12.4327985,51.3076459,161.83,855.00,5.2833220045727
12.4548132,51.3524347,674.74,2911.36,4.3147879183093
12.4886302,51.3443992,845.01,4922.00,5.8247831386611
12.3267962,51.3058986,154.00,915.00,5.9415584415584
12.323582,51.3288923,187.52,1385.00,7.3858788395904
12.4086324,51.3541452,183.08,885.90,4.8388682543151
12.32153565,51.33612455,186.00,900.00,4.8387096774194
12.3474566,51.367915,169.00,1077.00,6.3727810650888
12.365082764788,51.337817124989,122.51,752.00,6.1382744265774
12.42683395828,51.317434,155.38,905.00,5.8244304286266
12.3766581,51.3740719,139.74,765.00,5.4744525547445
12.3604031,51.3807989,156.00,773.00,4.9551282051282
12.3263032,51.3093368,232.30,1057.00,4.5501506672406
12.3661585,51.3633922,341.50,4217.00,12.348462664714
12.3998084,51.3409326,266.27,1158.17,4.3496075412176
12.2621147,51.3073963,99.00,442.00,4.4646464646465
12.3376684,51.3302549,360.00,2813.00,7.8138888888889
12.3959,51.33354,300.00,2399.00,7.9966666666667
12.3076483,51.3510448,1367.80,9314.94,6.8101623044305
12.362964137742,51.3693067,2233.82,17850.00,7.9907960354908
12.314218,51.3771804,366.14,1985.00,5.421423499208
12.3293073,51.3265824,231.00,1288.00,5.5757575757576
12.3715217189979,51.32867095,255.00,1402.00,5.4980392156863
12.4053024,51.3312905,241.00,1230.00,5.103734439834
12.325750865753,51.30170595,508.00,2459.00,4.8405511811024
12.30026,51.31313,195.00,890.00,4.5641025641026
12.3449151,51.3658179,143.10,949.00,6.6317260656883
12.3260888,51.3725708,165.00,900.00,5.4545454545455
12.3620443,51.3429387,336.00,2484.00,7.3928571428571
12.378017677509,51.3151178,281.00,1655.00,5.8896797153025
12.362199400955,51.3646765,282.30,1417.00,5.0194828196954
12.36195,51.364,165.73,885.00,5.340010861039
12.4268499,51.3214218,239.01,1236.12,5.1718338144847
12.365828866783,51.3648298,202.50,1150.00,5.679012345679
12.4077493,51.3574232,163.31,910.95,5.5780417610679
12.35925,51.38683,185.68,1039.00,5.595648427402
12.3473534,51.3675236,156.00,786.00,5.0384615384615
12.41340395,51.33127385,268.00,1484.00,5.5373134328358
12.4060393,51.3298808,472.14,2595.00,5.4962511119583
12.367545660567,51.31914785,156.00,1113.00,7.1346153846154
12.3578315,51.3630508,228.00,1300.00,5.7017543859649
12.3825032,51.3597174,349.25,2170.00,6.2133142448103
12.2946072,51.3589883,357.10,1604.00,4.491739008681
12.3224931,51.3181202,166.96,925.00,5.5402491614758
12.325196733078,51.33261145,174.00,936.00,5.3793103448276
12.3339397,51.3398509,198.00,935.00,4.7222222222222
12.3620655,51.3373291,222.00,2195.00,9.8873873873874
12.35691,51.36461,217.87,1155.30,5.3027034470097
12.376802739846,51.35898705,224.60,1450.00,6.4559216384684
12.3239758,51.3424567,210.91,1020.00,4.8361860509222
12.4204,51.38136,161.00,810.00,5.0310559006211
12.3143977,51.3509912,195.00,1328.00,6.8102564102564
12.3068251,51.3502967,520.79,2795.00,5.3668465216306
12.4186,51.35769,260.46,1163.84,4.4684020578976
12.3289298,51.3182896,251.00,1350.00,5.3784860557769
12.4070548,51.3690705,197.40,1044.00,5.2887537993921
12.45021,51.3474997,112.56,617.00,5.4815209665956
12.4084862,51.3534713,379.54,1975.00,5.2036675976182
12.4587382,51.3517366,1250.68,5127.75,4.0999696165286
12.32395,51.3389,499.25,3442.65,6.8956434651978
12.4012779,51.381192,237.44,1129.13,4.7554329514825
12.35538,51.35991,290.24,2220.00,7.648842337376
12.386,51.37386,363.00,1704.00,4.6942148760331
12.3854772,51.3609986,532.08,4104.00,7.7131258457375
12.41824,51.35748,308.00,1379.00,4.4772727272727
12.3868957,51.3420592,284.00,1723.00,6.0669014084507
12.409517825,51.328308125,349.15,1798.89,5.1521981956179
12.26001,51.31035,252.26,1225.00,4.8561008483311
12.360121411537,51.3433732,208.00,1373.00,6.6009615384615
12.41635,51.38141,269.24,1444.00,5.3632446887535
12.41716,51.333,141.87,738.10,5.2026503136674
12.4232711,51.3340424,402.03,2068.00,5.1438947342238
12.377207311778,51.32494255,408.77,2633.00,6.4412750446461
12.3784231,51.3589077,251.74,1374.00,5.4580122348455
12.3129104,51.2755387,145.00,718.00,4.951724137931
12.4025763,51.3420392,214.00,1025.00,4.7897196261682
12.3802152994704,51.38440025,171.93,928.36,5.3996393881231
12.38438,51.34031,216.00,2240.00,10.37037037037
12.483154995442,51.34089345,243.00,1395.00,5.7407407407407
12.41446,51.3544,356.42,1873.00,5.2550361932551
12.4610736,51.282198,272.00,1378.00,5.0661764705882
12.3612398482342,51.33823495,152.00,870.00,5.7236842105263
12.3270183,51.3311297,507.50,4343.50,8.5586206896552
12.3257626,51.3150935,515.06,2534.10,4.9200093193026
12.41428,51.35471,159.00,866.00,5.4465408805031
12.3723719,51.3308301,309.69,2236.33,7.2211889308663
12.409134086337,51.3465562,610.00,2764.00,4.5311475409836
12.4176398,51.3234758,175.50,815.75,4.6481481481481
12.3625138082521,51.3639281,785.00,7215.00,9.1910828025478
12.3214042,51.344547,269.42,1760.00,6.5325514067256
12.3730747,51.3396955,1459.30,8944.00,6.1289659425752
12.38096,51.30395,912.34,6279.12,6.8824341802398
12.3218327,51.3398401,183.59,910.00,4.9566969878534
12.2856115,51.3205097,99.90,452.00,4.5245245245245
12.2760043466465,51.3194211,346.66,1812.13,5.2273986038193
12.453141,51.3455609,386.00,1876.00,4.860103626943
12.3227883,51.3009705,387.00,1945.00,5.0258397932817
12.3171143,51.3462982,234.00,1250.00,5.3418803418803
12.385619203139,51.3352882,250.07,2000.00,7.9977606270244
12.3073159353426,51.35029065,275.00,1189.00,4.3236363636364
12.448144,51.3475977,215.60,1037.20,4.8107606679035
12.407933,51.3544375,173.00,780.00,4.5086705202312
12.31747,51.37513,295.64,2219.00,7.5057502367745
12.440436527264,51.349497983755,283.43,1579.00,5.571040468546
12.3239282,51.3124296,779.50,4148.85,5.3224502886466
12.4116485,51.351074,176.00,1054.00,5.9886363636364
12.3237353,51.3366471,248.00,1185.00,4.7782258064516
12.3346634,51.3359773,195.01,1098.00,5.6304804881801
12.3603165,51.3800178,480.00,2441.00,5.0854166666667
12.3367076,51.3703548,1593.48,7622.00,4.7832417099681
12.34692,51.37091,163.58,1012.00,6.1865753759628
12.34692,51.3693803,139.64,729.00,5.2205671727299
12.3163728,51.3745826,666.12,3660.00,5.4945054945055
12.4001847,51.34211,325.25,1819.38,5.5937893927748
12.3761,51.35029,3763.47,26932.00,7.1561617337191
12.3135229,51.3300852,173.09,845.34,4.8838176671096
12.4080614,51.3574081,204.63,1308.68,6.3953477007281
12.3743344,51.3267313,264.00,1520.00,5.7575757575758
12.37655,51.31936,1572.00,13730.00,8.734096692112
12.3791123904603,51.38491075,170.39,756.04,4.4371148541581
12.4276676,51.3425485,166.00,769.00,4.6325301204819
12.4085799,51.3560652,1676.26,9404.00,5.6101082171024
12.3826654,51.3168383,136.74,1072.00,7.8396957729999
12.4130283,51.3355898,304.00,1715.00,5.6414473684211
12.40708,51.37487,219.00,1190.00,5.4337899543379
12.372164895161,51.3461711,4228.24,33090.00,7.825951223204
12.4326216,51.3766797,350.28,1864.32,5.3223706748887
12.3397716,51.3287184,633.00,4244.00,6.7045813586098
12.396395328256,51.3461978,190.00,860.00,4.5263157894737
12.46868,51.27964,219.50,1255.00,5.7175398633257
12.2857012,51.3257204,175.00,730.00,4.1714285714286
12.40564,51.33422,248.70,1470.00,5.9107358262967
12.4138039,51.3365702,502.85,2708.00,5.3853037685194
12.3404787,51.3694709,189.00,864.00,4.5714285714286
12.40501,51.32125,167.00,1049.00,6.2814371257485
12.3419083576328,51.3219141,236.60,1246.76,5.2694843617921
12.31099,51.35199,171.00,990.00,5.7894736842105
12.40402,51.33015,421.58,2323.00,5.510223445135
12.4064199,51.3370975,224.56,1230.00,5.4773779836124
12.40339,51.3296,196.92,1300.00,6.6016656510258
12.3899806,51.37561035,191.00,983.00,5.1465968586387
12.392647826835,51.33848235301,182.42,1249.45,6.8493038044074
12.3615719,51.3450346,204.00,1440.00,7.0588235294118
12.4141338,51.3459685,437.02,1977.07,4.5239805958537
12.2894852,51.3219449,297.42,1125.61,3.7845807275906
12.3496843997205,51.3674808,219.00,1146.00,5.2328767123288
12.40294,51.34587,207.00,1041.00,5.0289855072464
12.3222437,51.3176323,440.20,2017.00,4.5820081781009
12.40393,51.37575,181.38,974.00,5.3699415591576
12.40393,51.33229,589.22,4086.00,6.9345914938393
12.37142,51.3673,350.96,2472.50,7.0449623888762
12.3951146,51.3638429,435.77,2270.00,5.2091699749868
12.3359016,51.3697199,302.95,1604.00,5.2946030698135
12.34035,51.31989,199.00,1321.00,6.6381909547739
12.37106,51.33021,276.21,1992.00,7.2119039860975
12.4132252,51.3523121,166.00,904.00,5.4457831325301
12.4060384,51.3353193,299.84,1904.00,6.350053361793
12.36281571561,51.3431868,203.00,1263.00,6.2216748768473
12.2836011,51.3134086,589.32,2768.00,4.6969388447702
12.30739,51.35109,2655.32,18047.87,6.7968719401051
12.3427198,51.3294406,263.96,1974.00,7.4784058190635
12.3730056,51.3538143,696.97,5965.00,8.5584745397937
12.40132,51.38145,323.13,1469.78,4.5485717822548
12.3772654,51.3412055,299.54,1857.00,6.1995059090606
12.3413056,51.3298298,168.45,1016.00,6.0314633422381
12.3897705,51.364101,196.27,1240.00,6.3178274825495
12.410731,51.3500308,929.00,5338.00,5.745963401507
12.40024,51.33011,444.27,2547.00,5.7330002025795
12.3269148,51.3201663,198.30,1000.00,5.0428643469491
12.3997,51.33754,666.76,3220.00,4.8293238946547
12.3285004,51.3335928,233.50,1130.00,4.8394004282655
12.3690843,51.3609297,213.38,1098.00,5.1457493673259
12.41613937064,51.3231723,323.00,1601.00,4.9566563467492
12.4890231,51.336723,278.28,1490.00,5.3543193905419
12.39952,51.37538,241.18,1311.00,5.4357741106228
12.4137222,51.3244889,254.36,1896.00,7.454002201604
12.3794357298512,51.3093533,366.98,2018.00,5.4989372717859
12.374124,51.350809,962.83,5943.00,6.1724291931078
12.4128308,51.3242533,233.25,1216.00,5.2132904608789
12.43032,51.34099,141.00,803.00,5.6950354609929
12.3980886,51.345858,221.00,967.00,4.3755656108597
12.3683514,51.3398208,379.51,1984.00,5.2277937340255
12.3807622,51.3111413,316.00,1790.00,5.6645569620253
12.33495,51.33152,441.00,2340.00,5.3061224489796
12.275737,51.3842677,219.00,985.00,4.4977168949772
12.408847380988,51.35625735,205.47,1000.00,4.8668905436317
12.372574768358,51.3653313,214.00,1226.00,5.7289719626168
12.402276417603,51.324379,263.00,1734.00,6.5931558935361
12.2891335,51.3229038,789.30,3258.27,4.1280501710376
12.346857759108,51.3673081,177.44,970.00,5.4666366095582
12.3247376,51.32325,691.08,3364.00,4.8677432424611
12.325089,51.33604175,167.98,880.00,5.2387188951066
12.3715183,51.3180361,162.00,1039.00,6.4135802469136
12.4709552,51.3581771,757.12,4532.05,5.9859071217244
12.3737296,51.3295752,256.00,1612.00,6.296875
12.36503,51.36371,203.00,1189.00,5.8571428571429
12.3927273,51.3340063,313.96,3468.45,11.047426423748
12.3231176,51.3154016,254.00,1764.00,6.9448818897638
12.40535076873,51.344788972279,184.99,852.76,4.6097626898751
12.3591854083689,51.36131735,259.02,1674.00,6.4628214037526
12.36359,51.36926,169.11,1030.00,6.0907101886346
12.3318043,51.3219679,103.00,832.00,8.0776699029126
12.36287,51.369,377.50,2506.49,6.6397086092715
12.36377,51.34218,207.00,1579.50,7.6304347826087
12.3049984,51.3207237,292.61,1560.50,5.3330371484228
12.42564,51.34285,213.00,1270.70,5.9657276995305
12.3158125641972,51.33099185,225.69,1064.25,4.7155390136913
12.36323,51.36996,384.39,2255.00,5.8664377325113
12.4094922,51.3572494,403.20,2310.00,5.7291666666667
12.3626,51.37178,378.00,2353.00,6.2248677248677
12.4303283,51.3433586,497.17,2173.54,4.3718245268218
12.33081,51.33123,176.50,1210.00,6.8555240793201
12.4284727,51.297374,338.81,1970.00,5.81446828606
12.3309,51.3706,535.01,2961.00,5.534475991103
12.404603701873,51.33215975,92.00,485.00,5.2717391304348
12.36242,51.37039,267.34,1635.00,6.1158075858457
12.42348,51.31499,791.06,5758.13,7.2790053851794
12.4147561202022,51.37606515,359.35,1519.34,4.2280228189787
12.3888890643362,51.3262291,233.03,1114.28,4.7817019267905
12.4027981,51.2867527,143.52,792.00,5.5183946488294
12.2884519,51.3548354,304.71,1684.00,5.5265662433133
12.3815676,51.3758573,166.00,720.00,4.3373493975904
12.39115,51.33898,303.63,2059.00,6.7812798471824
12.3848503,51.3327305,168.42,1050.00,6.2344139650873
12.3620385,51.3438682,392.81,2749.67,7
12.349337298545,51.3684377,253.98,1308.00,5.1500118119537
12.421684285665,51.32125325,316.00,1478.00,4.6772151898734
12.3632684,51.3441314,444.70,2420.00,5.4418709242186
12.4097748,51.3410274,645.16,5462.40,8.4667369334739
12.3742736,51.3643755,177.37,1256.00,7.0812426002142
12.42168,51.3194,267.00,1730.00,6.4794007490637
12.42033,51.33498,458.76,2645.00,5.7655418955445
12.41721954362,51.333058033416,253.99,1269.00,4.9962596952636
12.3634226,51.3618699,202.00,1365.50,6.759900990099
12.3935241,51.3646869,187.80,1065.00,5.6709265175719
12.404255,51.3417865,328.54,1565.00,4.7634991173069
12.4090505,51.3459593,197.00,877.00,4.4517766497462
12.42015,51.33364,302.00,1625.00,5.3807947019868
12.384180511695,51.3296191,223.00,1184.00,5.3094170403587
12.4073577,51.3448215,1364.03,6539.00,4.793882832489
12.2642256,51.3143516,1170.01,4900.22,4.188186425757
12.4107946,51.3565366,188.00,1102.00,5.8617021276596
12.3242443,51.3765951,152.54,860.00,5.6378654779074
12.4717947,51.3594804,235.00,1500.00,6.3829787234043
12.4060977,51.3370214,421.00,2418.00,5.7434679334917
12.4298866,51.3431444,576.82,3749.33,6.5
12.3618668,51.3812067,178.84,973.00,5.4406173115634
12.2750574265643,51.3196777,180.26,971.84,5.3913236436259
12.343239040165,51.32729845,246.00,1820.00,7.3983739837398
12.4403518,51.3488523,339.88,1904.63,5.603830763799
12.2877402,51.357453,177.00,1050.00,5.9322033898305
12.41754,51.32185,427.45,3134.00,7.3318516785589
12.41682,51.32077,260.50,1399.00,5.3704414587332
12.2819522992755,51.327894837074,193.06,770.05,3.9886563762561
12.373188891897,51.3212859,225.00,1555.00,6.9111111111111
12.37526975,51.3155868,190.28,1317.00,6.921379020391
12.373502,51.3667873,225.19,1420.00,6.3057862249656
12.335051109104,51.33301665,217.00,1296.00,5.9723502304147
12.404963189526,51.332077666217,334.52,2655.00,7.9367451871338
12.3162369320913,51.3311237,217.50,1076.10,4.9475862068966
12.41655,51.32488,260.77,1465.00,5.6179775280899
12.3077835,51.3169989,174.50,847.00,4.8538681948424
12.3348594,51.3729303,216.00,1012.00,4.6851851851852
12.410246,51.3410147,495.37,3709.00,7.4873327008095
12.4154743,51.3263156,2386.47,16549.65,6.9347823354159
12.3280369,51.3403157,227.00,1240.00,5.4625550660793
12.3933738797069,51.3383011,290.22,1716.00,5.9127558403969
12.341183206203,51.3211558,244.00,1636.00,6.7049180327869
12.32305013707,51.3389051,261.00,1387.00,5.3141762452107
12.4469728,51.3469127,121.00,786.50,6.5
12.3985979,51.3315585,212.00,1200.00,5.6603773584906
12.3297982,51.339647,286.62,1440.00,5.0240736864141
12.3695635,51.3876181,122.00,778.00,6.3770491803279
12.32145,51.30172,162.68,889.00,5.4647160068847
12.4152,51.32151,179.00,1190.00,6.6480446927374
12.4215897,51.3211697,595.59,3002.50,5.0412196309542
12.36362165,51.36424105,168.00,1040.00,6.1904761904762
12.41457,51.33575,201.89,1212.00,6.0032691069394
12.3538571,51.3636931,133.94,795.00,5.9354935045543
12.4116473,51.3561392,429.22,2147.58,5.0034481151857
12.2707437,51.3064965,333.68,1083.50,3.2471229920882
12.272775,51.3825182,233.00,1181.00,5.068669527897
12.41421,51.35963,1342.98,9100.65,6.7764598132511
12.4149128,51.3533874,514.70,2397.14,4.6573537983291
12.38305,51.3051,177.00,1160.00,6.5536723163842
12.28858,51.32201,184.00,1029.00,5.5923913043478
12.41367,51.36064,586.50,2642.00,4.5046888320546
12.42461010416,51.32058445,130.00,661.00,5.0846153846154
12.3255126,51.3446914,152.49,1060.00,6.951275493475
12.3639623,51.3412,214.85,1400.00,6.516174074936
12.409049137491,51.37168725,228.50,1152.00,5.0415754923414
12.3681963,51.3579792,1535.18,12534.81,8.1650425357287
12.2639725,51.3163286,345.87,1401.74,4.0527944025212
12.41241,51.35416,216.00,1025.00,4.7453703703704
12.3849784,51.3650718,209.00,1123.00,5.3732057416268
12.3776202,51.3151072,1024.00,7398.00,7.224609375
12.3802822568392,51.3084475,689.48,4030.00,5.844984626095
12.41304,51.3315,171.00,991.00,5.7953216374269
12.3972307,51.3466547,348.48,1767.00,5.0705922865014
12.4598978,51.3585126,337.10,1436.63,4.2617324236132
12.28669,51.3234,210.78,1010.00,4.7917259702059
12.41187,51.34032,192.00,816.00,4.25
12.3253968,51.3404313,500.60,2999.00,5.9908110267679
12.3799,51.3107,527.27,3717.00,7.0495192216511
12.41124,51.34557,481.00,2750.00,5.7172557172557
12.41124,51.34588,658.80,2803.00,4.2547055251973
12.3437688,51.3308092,363.90,2730.00,7.5020610057708
12.3350692,51.3705629,369.94,1647.00,4.4520733091853
12.3357849,51.3891079,618.20,3953.20,6.3946942736978
12.405424422123,51.331435,478.00,2481.00,5.1903765690377
12.4090158,51.3445003,504.30,2214.18,4.3906008328376
12.40086865259,51.3260509,138.12,810.00,5.8644656820156
12.3316155666058,51.34041325,256.67,1460.00,5.6882378150933
12.2689136,51.3056346,176.46,592.00,3.3548679587442
12.39000305,51.29765655,160.97,872.00,5.4171584767348
12.4046531,51.346454,170.00,826.00,4.8588235294118
12.4330532,51.3076702,420.43,2175.00,5.1732749803772
12.47104,51.35745,149.95,985.00,6.5688562854285
12.37657,51.34905,885.10,6927.03,7.8262682182804
12.3884795,51.3390608,1605.33,14621.37,9.1080151744501
12.327308,51.3381941,1765.97,11727.00,6.6405431575848
12.3235753,51.3286982,218.79,1295.00,5.9189176836236
12.3540282,51.3632419,208.64,1292.00,6.1924846625767
12.40818,51.33728,186.00,1107.00,5.9516129032258
12.2682707,51.3249284,190.40,852.00,4.4747899159664
12.3243638,51.3417764,215.75,1076.75,4.9907300115875
12.37648,51.37137,228.46,1226.00,5.3663661034754
12.4087071,51.3518205,487.00,2391.00,4.9096509240246
12.4321403,51.3402231,149.00,669.00,4.489932885906
12.34424,51.33093,291.88,2061.00,7.0611210086337
12.3763,51.36056,277.91,2055.00,7.3944802274118
12.2664971555556,51.3255864777778,200.60,862.00,4.2971086739781
12.4009545,51.3466684,233.00,1154.00,4.9527896995708
12.405404781966,51.33490455,213.23,1195.00,5.6042770717066
12.4300477391149,51.30251885,204.90,1403.00,6.847242557345
12.4027416,51.2849904,295.05,1629.00,5.5210981189629
12.3391702,51.3281834,375.00,2519.00,6.7173333333333
12.2670792,51.3117806,435.61,1822.00,4.1826404352517
12.37396,51.32406,146.00,1244.00,8.5205479452055
12.4120411,51.351952,299.00,1666.00,5.5719063545151
12.3919806,51.3384424,530.00,3132.00,5.9094339622642
12.31173,51.32935,191.00,1390.00,7.2774869109948
12.34226,51.31884,135.00,792.50,5.8703703703704
12.3643647,51.3299791,119.20,572.00,4.7986577181208
12.26732168,51.32534134,158.60,726.00,4.577553593947
12.3409143,51.3366893,331.31,2285.00,6.8968639642631
12.322628,51.3760416,996.33,7353.00,7.3800849116257
12.3733419314509,51.36653035,344.81,2064.00,5.9859052811693
12.3223666,51.3320984,363.04,2320.00,6.3904803878361
12.3781212,51.3243258,262.00,1600.00,6.1068702290076
12.2923508,51.3239674,104.00,532.00,5.1153846153846
12.3860836,51.3335262,1063.49,8867.00,8.337643043188
12.316966478386,51.3466689,184.00,932.00,5.0652173913043
12.37108,51.3304,263.90,2125.00,8.0522925350512
12.4152937,51.318873,422.50,2645.00,6.2603550295858
12.409132327483,51.35758645,270.00,1456.00,5.3925925925926
12.40632638924,51.33401505,605.00,3580.00,5.9173553719008
12.2916351,51.3581948,195.00,943.00,4.8358974358974
12.2892305373449,51.3225047,175.27,768.95,4.3872311291151
12.318506004514,51.33002555,114.40,720.00,6.2937062937063
12.373959256911,51.30567365,185.63,1120.00,6.0335075149491
12.3255421,51.3180894,235.94,1292.00,5.4759684665593
12.404764719137,51.34682945,195.00,860.00,4.4102564102564
12.285738733333,51.324006233333,233.52,1124.20,4.8141486810552
12.3400057,51.3340637,795.10,4502.00,5.6621808577537
12.421821242193,51.31942715,271.42,1237.00,4.557512342495
12.3723099,51.3660111,243.89,1337.86,5.4855057607938
12.4156193,51.3258182,3271.89,18774.60,5.7381513437188
12.4071897,51.3736952,278.74,1380.70,4.9533615555715
12.409941,51.3459767,278.00,1130.00,4.0647482014388
12.4131337,51.3526042,219.00,1258.00,5.7442922374429
12.33713,51.37124,328.00,1677.00,5.1128048780488
12.390579,51.3322096,342.20,2360.00,6.8965517241379
12.328169,51.32118,171.00,865.00,5.0584795321637
12.3279804,51.319239,457.09,2847.00,6.2285326740904
12.36802,51.31579,1064.62,10944.00,10.279724220849
12.375897892132,51.3661916,715.44,3427.00,4.790059264229
12.4066368,51.3413714,220.54,1011.80,4.587829872132
12.3674029,51.3579138,524.53,5017.81,9.5662974472385
12.40771035,51.3306059,294.35,1815.00,6.166128758281
12.4020084,51.3079112,215.76,1335.00,6.1874304783092
12.36613,51.36913,386.00,1905.00,4.9352331606218
12.364794427319,51.367712687446,157.00,878.00,5.5923566878981
12.3470466,51.367965,198.00,1117.00,5.6414141414141
12.4034097,51.3655039,476.80,2291.00,4.8049496644295
12.2677688,51.3202094,173.24,845.00,4.877626414223
12.3427739,51.3296464,204.37,1199.00,5.8668101971914
12.3794494,51.3221219,169.00,1090.00,6.4497041420118
12.3661171,51.3637429,132.40,1528.00,11.540785498489
12.4048239,51.3004511,261.18,1160.00,4.4413814227736
12.3346014,51.3707247,126.83,672.00,5.2984309705906
12.3261589,51.3434455,176.22,800.00,4.5397798206787
12.311895207357,51.3441234,111.10,640.00,5.7605760576058
12.3548376,51.3492349,200.54,1285.00,6.4076992121273
12.4615513,51.3516869,856.93,3544.00,4.1356936972682
12.4085437,51.3563016,204.00,1000.00,4.9019607843137
12.2727013,51.324151,190.61,760.00,3.9871989927076
12.422195118878,51.32078965,300.58,1479.00,4.9204870583538
12.3932658,51.3336191,472.77,4796.74,10.146032954714
12.3888303,51.363037,201.89,992.32,4.915151815345
12.407738,51.3390775,231.00,1099.00,4.7575757575758
12.42593,51.34269,209.00,1160.00,5.5502392344498
12.355738983361,51.3445195,145.14,980.00,6.7521014193193
12.4119677,51.3529895,525.00,2996.00,5.7066666666667
12.36208,51.34043,430.00,3932.00,9.1441860465116
12.4087793,51.345028,186.80,660.00,3.5331905781585
12.3824962,51.3642355,191.20,1105.00,5.7792887029289
12.3874631,51.3598909,136.60,721.00,5.2781844802343
12.4410021,51.3336467,249.22,1409.00,5.6536393547869
12.29949,51.35653,176.62,980.00,5.5486354886196
12.40495875,51.329853375,304.00,1804.00,5.9342105263158
12.3739594,51.3316392,406.00,2110.00,5.1970443349754
12.3671976705465,51.34329745,179.86,1040.54,5.7852774380073
12.380913697834,51.32081375,575.00,3289.00,5.72
12.3636613,51.330198,85.42,431.00,5.0456567548583
12.409092,51.357548,302.00,1570.00,5.1986754966887
12.4171609099982,51.3815007,81.21,439.50,5.411895086812
12.4058179,51.3779606,245.40,1241.07,5.0573349633252
12.4361808,51.33123,135.87,771.00,5.6745418414661
12.32786,51.3187,348.80,1674.00,4.7993119266055
12.409272,51.3392706,169.71,789.00,4.6491073006894
12.3504104,51.3644145,441.37,2350.00,5.3243310601083
12.2884418,51.3546807,152.00,850.00,5.5921052631579
12.4101677,51.3561412,448.56,2685.00,5.9858212948101
12.35947,51.34104,150.17,1328.00,8.8433109142971
12.3869873,51.3368359,343.81,2450.00,7.1260289113173
12.3746493,51.3503507,552.99,3322.00,6.0073419049169
12.3175447,51.370872,216.00,1150.00,5.3240740740741
12.2680739888889,51.3253760888889,190.40,846.00,4.4432773109244
12.3638026,51.3719726,242.89,1320.00,5.4345588538021
12.2623301,51.3118587,319.48,1417.66,4.4373982721923
12.32723,51.31918,292.32,1734.00,5.931855500821
12.357635572164,51.3619395,166.00,991.00,5.9698795180723
12.37316632049,51.3237902,178.00,1211.00,6.8033707865169
12.32606,51.33244,178.15,835.00,4.6870614650575
12.35731,51.34386,321.00,2349.00,7.3177570093458
12.3708094,51.3759723,200.20,1092.00,5.4545454545455
12.3771468498136,51.3164802,143.97,917.00,6.3693825102452
12.328897,51.3406082,217.00,1185.00,5.4608294930876
12.32525,51.31679,344.80,1840.00,5.3364269141531
12.416163924907,51.32281355,211.17,1279.00,6.0567315433063
12.3835587,51.3632913,270.29,1640.00,6.067557068334
12.41756,51.37551,174.00,920.00,5.2873563218391
12.3602112,51.3420664,282.80,1680.00,5.9405940594059
12.4143258202022,51.37693135,480.20,2206.22,4.5943773427738
12.3239,51.33279,233.00,1631.00,7
12.3568797022614,51.36425955,215.18,1075.00,4.9958174551538
12.38586,51.37537,371.57,2923.94,7.869149823721
12.3986351,51.3469657,180.00,924.00,5.1333333333333
12.4211855,51.3344944,182.90,954.00,5.2159650082012
12.41693,51.33656,202.60,1109.00,5.4738400789733
12.408834126387,51.35561805,250.40,1299.00,5.1876996805112
12.3280483,51.3204852,275.94,1232.00,4.4647387113141
12.3221,51.3767395,256.86,1288.00,5.0144047340964
12.378907662138,51.32431855,232.07,1269.00,5.4681777050028
12.4178042,51.3161956,254.14,1475.00,5.8038876209963
12.4193941,51.3198788,146.00,822.00,5.6301369863014
12.35272,51.34895,163.86,1180.00,7.2012693762968
12.41531,51.33653,178.89,999.00,5.5844373637431
12.3254727,51.3048056,160.00,752.00,4.7
12.38415,51.34158,222.00,1504.00,6.7747747747748
12.4067004,51.3520682,168.30,865.14,5.1404634581105
12.40823556409,51.331164852745,227.10,1160.00,5.1078819903126
12.419276418245,51.3761844,228.70,1202.00,5.2557936160909
12.3125047,51.375988,366.86,1920.00,5.2336040996565
12.41486,51.33932,219.00,1293.00,5.9041095890411
12.431295,51.3429588,302.00,1354.00,4.4834437086093
12.418984425594,51.3199936,280.00,1260.00,4.5
12.370046928074,51.30680825,224.44,1330.00,5.9258599180182
12.41468,51.32075,181.00,954.00,5.2707182320442
12.4042833,51.3661758,224.13,1348.78,6.0178467853478
12.4156571,51.3359075,132.53,734.00,5.5383686712442
12.41477,51.3324,135.00,672.00,4.9777777777778
12.41405,51.33579,625.31,3799.00,6.0753866082423
12.2678281,51.3259357,186.90,831.00,4.446227929374
12.41414,51.34689,135.44,710.00,5.2421736562315
12.3681035883516,51.36732995,319.60,1661.00,5.1971214017522
12.367868238851,51.323781412311,201.21,1149.00,5.7104517668108
12.3453184678589,51.3708215,136.00,674.00,4.9558823529412
12.4191026,51.3605566,790.00,4033.00,5.1050632911392
12.400812,51.339037,286.93,1918.00,6.6845572090754
12.3594396,51.3703503,632.34,4511.00,7.1338204130689
12.38199,51.36109,211.00,1434.00,6.7962085308057
12.450811079592,51.3456741,299.00,1503.00,5.0267558528428
12.2709136,51.3061211,146.71,486.50,3.316065707859
12.38073,51.32614,188.00,1359.00,7.2287234042553
12.3994706,51.3363797,245.00,1750.00,7.1428571428571
12.41225,51.33355,407.20,1846.00,4.5333988212181
12.3825862729947,51.3186293,161.50,1019.00,6.3095975232198
12.41252,51.33315,280.80,1255.00,4.4693732193732
12.4308963,51.3498124,192.34,877.01,4.5596859727566
12.3788572,51.3086373,173.40,1039.00,5.9919261822376
12.334622,51.3385067,214.00,1019.05,4.7619158878505
12.3859454,51.3729277,193.98,1285.00,6.6243942674503
12.4094729,51.33583,260.00,1442.00,5.5461538461538
12.34714,51.3693105,144.20,715.00,4.9583911234397
12.3678348,51.31795675,231.55,1575.00,6.8019866119629
12.41,51.35461,205.65,1176.00,5.7184536834427
12.3812399,51.3065817,181.15,1156.00,6.3814518354954
12.4164797,51.3435206,324.75,1740.00,5.3579676674365
12.4689258,51.279394,203.00,1184.00,5.8325123152709
12.3729688,51.3230397,179.00,1123.00,6.2737430167598
12.3085831,51.3496004,162.00,750.00,4.6296296296296
12.3756986,51.349881,287.00,1904.15,6.634668989547
12.3952363,51.345685,358.81,2236.00,6.231710375965
12.3659276,51.3379671,238.79,1592.98,6.6710498764605
12.3665533,51.3658177,244.00,1300.00,5.327868852459
12.37623,51.3409659,184.56,1700.00,9.211096662332
12.386361,51.3356329,106.61,740.00,6.9411875058625
12.365325532178,51.3633196,214.00,1079.00,5.0420560747664
12.3732815,51.3462836,357.84,2328.75,6.5077967806841
12.3723173,51.3108592,257.00,1747.00,6.7976653696498
12.3183326,51.3432918,520.70,2773.00,5.3255233339735
12.3925578,51.2870015,188.00,825.00,4.3882978723404
12.3445171,51.3236899,150.27,1010.00,6.7212351101351
12.378257,51.3203328,302.60,2147.00,7.0951751487112
12.40703,51.37192,193.00,1094.00,5.6683937823834
12.37425,51.37102,337.35,1749.45,5.1858603823922
12.4533478,51.3470501,182.97,914.85,5
12.3723001,51.3209388,196.47,1280.00,6.514989565837
12.3729258,51.3662611,178.75,975.00,5.4545454545455
12.40532,51.33378,490.31,3527.86,7.1951622442944
12.3333233,51.3261613,181.41,1080.00,5.95336530511
12.37263,51.31014,501.38,2844.00,5.6723443296502
12.40388,51.34259,311.00,1517.00,4.8778135048232
12.3295863,51.3317887,350.50,1808.82,5.1606847360913
12.416537087354,51.32411125,358.00,1878.00,5.2458100558659
12.3366788,51.3314551,192.76,1240.00,6.4328698900187
12.365962804489,51.3211388,374.00,2547.00,6.8101604278075
12.37317,51.36557,190.60,1260.00,6.610703043022
12.3276963,51.3334757,1359.45,7850.00,5.7743940564199
12.34066,51.32097,197.47,1260.00,6.3807160581354
12.39001845,51.32406095,196.08,1083.55,5.5260607915137
12.402797305747,51.343013019561,95.61,694.00,7.2586549524108
12.376077741532,51.30492045,177.34,990.00,5.5824968986128
12.3314191055603,51.3317838,181.78,966.00,5.3141159643525
12.2993776,51.3792896,167.31,795.00,4.7516585978124
12.37164,51.35594,370.00,2254.00,6.0918918918919
12.3221037,51.3130129,203.95,949.67,4.6563863692081
12.4576675,51.3095421,553.00,2751.00,4.9746835443038
12.411491,51.3528676,255.00,1301.00,5.1019607843137
12.2700689,51.3207164,360.42,1847.00,5.1245768825259
12.40262,51.34101,397.50,2715.00,6.8301886792453
12.4288859,51.3433768,272.00,1050.00,3.8602941176471
12.3628375,51.3685663,554.14,3309.98,5.9731836719962
12.411941,51.3538268,168.00,808.00,4.8095238095238
12.3267963,51.3233372,146.75,805.00,5.4855195911414
12.40511339323,51.332034093855,229.14,1813.00,7.9121934188706
12.36975,51.36854,182.50,1149.59,6.2991232876712
12.40127,51.33737,333.00,2208.00,6.6306306306306
12.4127209,51.3525147,252.00,1382.00,5.484126984127
12.3004103,51.3135263,560.22,2667.49,4.7615044089822
12.3663773,51.331395,289.53,2000.00,6.9077470383035
12.3591603814936,51.36097375,801.00,4755.75,5.937265917603
12.36876,51.36739,240.10,1475.00,6.143273635985
12.2895636,51.3542068,152.36,838.00,5.5001312680494
12.4162564,51.3234882,169.40,817.00,4.8229043683589
12.3994786,51.3756291,220.72,1305.00,5.9124682856107
12.379022205039,51.326349221376,1859.00,14463.00,7.7799892415277
12.36804,51.34164,591.51,3027.84,5.118831465233
12.340099306343,51.36801135,176.17,1046.00,5.937446784356
12.3344801,51.3292005,220.04,1143.00,5.1945100890747
12.38960255,51.3243292,175.28,903.85,5.1566065723414
12.39947,51.37524,219.06,1127.00,5.144709212088
12.39893,51.33207,262.49,2037.00,7.7602956303097
12.4157892,51.3242415,213.00,1139.85,5.3514084507042
12.3499079,51.3670119,221.79,1211.50,5.4623743180486
12.3541850721819,51.3635801,244.33,1415.00,5.7913477673638
12.4078781,51.3469148,444.75,2151.00,4.8364249578415
12.3246148,51.3169272,323.00,1470.00,4.5510835913313
12.39731,51.33856,169.19,1272.00,7.518174833028
12.3483094,51.3662804,190.00,870.00,4.5789473684211
12.2653975,51.3107827,1001.85,3575.50,3.5688975395518
12.3766367,51.374007,156.47,826.00,5.2789672141625
12.3457381,51.3298762,446.57,2926.00,6.5521642743579
12.4154977,51.338421,505.00,2654.00,5.2554455445545
12.322022,51.3167494,664.37,3143.19,4.7310835829432
12.4744579,51.275653,249.02,1348.00,5.4132198217011
12.2852608,51.3242939,245.68,1307.56,5.3222077499186
12.36399,51.34452,446.00,2881.00,6.4596412556054
12.3226262,51.3169045,224.15,1056.00,4.7111309391033
12.3289216,51.3213933,371.00,2185.00,5.8894878706199
12.39587,51.30238,141.13,723.00,5.1229362998654
12.3671698,51.3407841,263.01,1807.07,6.87072734877
12.3092082,51.3151206,452.00,2290.00,5.0663716814159
12.2890491,51.3216677,1084.48,4497.32,4.146982885807
12.3601501,51.3628986,196.00,1110.00,5.6632653061224
12.2730598,51.3229444,294.98,1260.00,4.2714760322734
12.3919272,51.299523,400.00,2820.00,7.05
12.4285127,51.296735,450.77,2339.86,5.1908068416266
12.3264145,51.3079513,409.16,2373.00,5.7996871639456
12.33031,51.33075,261.95,1739.00,6.6386715021951
12.3358897,51.3400112,225.00,1313.00,5.8355555555556
12.307481,51.3147468,80.00,564.00,7.05
12.26718,51.31688,191.69,986.00,5.143721633888
12.367577381118,51.31947265,850.63,4868.00,5.7228172060708
12.4237043,51.3570036,114.30,585.00,5.1181102362205
12.3190812520258,51.32591535,340.00,1527.80,4.4935294117647
12.36111,51.36238,155.00,820.00,5.2903225806452
12.2987,51.32349,211.02,912.99,4.3265567244811
12.3838404,51.3749179,462.00,2721.00,5.8896103896104
12.355294827141,51.34551105,162.00,1040.00,6.4197530864198
12.3199904,51.3465676,488.80,2540.00,5.1963993453355
12.35949,51.36278,157.45,862.92,5.4805970149254
12.408142971102,51.3702079,326.50,1735.00,5.3139356814701
12.42181,51.34386,213.81,995.00,4.6536644684533
12.3624127,51.3448789,283.21,2260.50,7.9817096853925
12.378855060366,51.32325715,371.00,2405.00,6.4824797843666
12.4226885,51.3560789,166.80,769.00,4.6103117505995
12.409202,51.3556095,326.00,1549.00,4.7515337423313
12.306574324755,51.35017195,451.96,2022.00,4.4738472431189
12.3856551682431,51.3246239,546.32,2788.51,5.1041697173818
12.5207711,51.3448238,340.00,1840.00,5.4117647058824
12.3813075,51.3218952,181.00,1104.00,6.0994475138122
12.3284675931156,51.33550535,621.14,2917.31,4.6967028367196
12.4597839,51.3569491,1422.49,5740.87,4.0357893552855
12.41983,51.33314,329.92,1750.00,5.3043161978661
12.35679,51.34565,188.02,1205.00,6.4088926709924
12.4831185,51.3460971,281.40,1620.00,5.7569296375267
12.4426332,51.3275523,186.00,1250.00,6.7204301075269
12.35616,51.36101,249.02,1629.00,6.5416432415067
12.3638011,51.3707548,237.40,1267.13,5.3375315922494
12.35643,51.34613,180.00,1210.00,6.7222222222222
12.32536,51.33712,498.00,3085.00,6.1947791164659
12.4070291,51.3519671,273.68,1378.70,5.0376351943876
12.4134188,51.346401,270.40,1244.00,4.6005917159763
12.32482,51.3126,498.91,3618.00,7.2518089434968
12.3213487,51.3146742,168.43,776.00,4.6072552395654
12.41785,51.31929,164.56,852.00,5.1774428779776
12.312487499493,51.3296719,353.60,1859.95,5.2600395927602
12.3296926,51.3328771,154.00,920.00,5.974025974026
12.3508202,51.3643847,180.18,993.00,5.5111555111555
12.3929083,51.3338761,275.49,2877.06,10.443428073614
12.3478032,51.3320152,137.00,778.00,5.6788321167883
12.332971,51.3314207,219.00,1255.00,5.7305936073059
12.32329,51.328711,896.47,8074.22,9.0066817629145
12.4014107,51.3438873,300.00,1780.00,5.9333333333333
12.32365,51.3188,360.75,1860.00,5.1559251559252
12.4178414,51.3234546,184.00,808.00,4.3913043478261
12.3811788,51.3353192,233.30,1560.00,6.6866695242177
12.3215072,51.3400615,322.98,1979.00,6.1273143847916
12.3266584,51.3159904,290.00,1381.80,4.7648275862069
12.4156,51.32096,157.51,965.00,6.1265951368167
12.4044234,51.3302188,371.00,2030.00,5.4716981132075
12.4039777,51.329741375,232.70,1122.00,4.8216587881392
12.4107188,51.35219,986.00,5061.00,5.132860040568
12.2830575,51.3173826,964.99,4046.50,4.1933077026705
12.28731515,51.32871725,131.22,668.00,5.0906873952141
12.393761,51.3373001,445.78,2850.00,6.393288169052
12.4007592,51.338798,196.00,1387.00,7.0765306122449
12.421364,51.3356744,159.05,815.00,5.1241747878026
12.3764432,51.3679664,498.43,2915.00,5.8483638625283
12.3999707,51.3410783,156.75,656.02,4.1851355661882
12.3801716,51.3057466,196.09,1306.00,6.6602070477842
12.383,51.35283,217.62,1364.00,6.2678062678063
12.41506,51.33303,250.28,1376.00,5.4978424164935
12.32059,51.3055135,265.86,1319.30,4.9623862183104
12.41443,51.33577,218.36,1161.00,5.3169078585822
12.365948012213,51.3206559,442.28,2882.32,6.5169575834313
12.4164613,51.3231302,334.00,1815.00,5.4341317365269
12.3745532,51.3222075,254.85,1640.00,6.4351579360408
12.38192,51.33697,241.74,1474.00,6.0974600810788
12.3701263,51.3206215,238.00,1456.00,6.1176470588235
12.416817,51.3527485,132.25,666.57,5.0402268431002
12.3787316,51.3337522,145.00,1200.00,8.2758620689655
12.31987,51.3440647,211.00,1166.00,5.5260663507109
12.41362,51.32453,298.74,1965.00,6.5776260293232
12.392231,51.362546,228.43,1375.00,6.0193494724861
12.404501849576,51.3060173554,180.00,944.00,5.2444444444444
12.3894582,51.3411427,249.00,1635.00,6.566265060241
12.4310106,51.3430117,202.61,915.00,4.5160653472188
12.3861669,51.3351335,816.95,5294.00,6.4802007466797
12.41831045,51.3230825,230.00,1095.00,4.7608695652174
12.3243826,51.3434893,229.00,1161.00,5.0698689956332
12.321447,51.34179,267.14,1550.00,5.8022010930598
12.4270122,51.408957,236.52,1410.00,5.9614408929477
12.379016840621,51.325980484789,328.70,2434.00,7.4049285062367
12.4032961,51.3387107,639.93,6870.00,10.735549200694
12.3798675948594,51.38492555,202.81,851.24,4.1972289334845
12.3272153,51.3331701,987.42,6125.00,6.2030341698568
12.3292466,51.3725436,472.92,2581.00,5.4575826778313
12.41191,51.33519,197.60,1339.00,6.7763157894737
12.3633379,51.3431206,240.00,1320.00,5.5
12.3961007,51.3461936,257.00,1236.00,4.8093385214008
12.2939082,51.3550141,136.51,672.00,4.9227162845213
12.377370623529,51.3242969,216.30,1299.00,6.005547850208
12.3466372,51.3320405,246.00,1745.00,7.0934959349593
12.327605280813,51.3730521,166.85,816.75,4.8951153730896
12.37877,51.33982,884.00,6077.00,6.8744343891403
12.407846279533,51.3314663,323.00,1526.00,4.7244582043344
12.40975,51.3535,217.00,1378.00,6.3502304147465
12.4614076,51.3525826,1063.51,4407.10,4.1439196622505
12.3199855,51.3895449,167.62,774.64,4.6214055601957
12.3745016,51.3515659,538.79,3572.00,6.6296701869003
12.3968677,51.3440684,352.00,1894.00,5.3806818181818
12.373947628281,51.3197111,252.38,2010.00,7.9641809969094
12.37187612718,51.3668987,246.00,1110.00,4.5121951219512
12.350899249305,51.3645633,104.00,580.00,5.5769230769231
12.40885,51.33021,154.00,869.00,5.6428571428571
12.4138169,51.3452539,153.92,974.00,6.3279625779626
12.383544,51.3643805,227.56,1200.00,5.2733345051854
12.3917079,51.2996007,252.00,1770.00,7.0238095238095
12.4090128,51.3570902,206.00,917.00,4.4514563106796
12.40768,51.33126,802.00,4168.00,5.1970074812968
12.37679,51.35839,175.00,1060.00,6.0571428571429
12.37607,51.34944,690.68,5225.00,7.5650083975213
12.37607,51.34926,1617.00,13013.00,8.047619047619
12.40787681197,51.3698693,198.80,1055.00,5.3068410462777
12.3246609,51.3333049,556.92,4412.00,7.9221432162609
12.4897005,51.3364691,164.00,950.00,5.7926829268293
12.3799698,51.3283378,191.10,1340.00,7.0120355834642
12.4040158,51.3373306,436.00,2356.00,5.4036697247706
12.37463,51.36105,615.00,4605.00,7.4878048780488
12.421595,51.3353703,169.10,888.00,5.2513305736251
12.3227838,51.3312837,516.65,3260.00,6.3098809639021
12.37481,51.36574,305.62,2197.00,7.1886656632419
12.3727701,51.3233611,199.00,1345.00,6.7587939698492
12.2713661,51.3192683,403.61,2000.00,4.9552786105399
12.40534,51.3341,208.00,1130.00,5.4326923076923
12.393920153567,51.30140765,159.10,973.00,6.1156505342552
12.37337,51.34216,568.22,4747.96,8.3558480870086
12.4028458,51.2995496,149.50,1040.00,6.9565217391304
12.3253465,51.3373886,221.30,1135.00,5.1287844554903
12.318370899972,51.33013385,319.00,1437.00,4.5047021943574
12.314337,51.2860388,180.00,895.00,4.9722222222222
12.3750456,51.3700324,171.00,1079.00,6.3099415204678
12.37292,51.37078,169.00,929.00,5.4970414201183
12.3786125294939,51.3146179,199.60,1233.43,6.1795090180361
12.4093983,51.3545923,228.30,1270.00,5.562855891371
12.37301,51.36498,310.50,1993.50,6.4202898550725
12.3971503,51.3112934,266.74,1482.00,5.5559721076704
12.3974246,51.3312677,236.63,1309.00,5.5318429615856
12.3702544,51.3083876,247.00,2089.00,8.4574898785425
12.37256,51.36701,213.41,1160.00,5.4355466004405
12.3814396,51.31739285,214.69,1258.00,5.8596115329079
12.3208938,51.3443703,505.07,3550.00,7.0287286910725
12.365442635147,51.3383458,162.07,1050.00,6.4786820509656
12.3863893,51.3247004,174.45,881.00,5.0501576382918
12.405927,51.3396832,161.60,856.00,5.2970297029703
12.359850382217,51.3649477,295.54,1730.00,5.8536915476754
12.3878164,51.3236034,156.00,865.00,5.5448717948718
12.3773426,51.34696325,648.73,3690.00,5.6880366254066
12.37193,51.36495,332.04,2058.00,6.1980484279003
12.378042155138,51.315541,193.00,1024.00,5.3056994818653
12.3674548399574,51.32212315,204.98,1465.00,7.1470387354864
12.3460754,51.3313802,180.70,1296.00,7.1721084670725
12.3939650331133,51.3385386,90.44,535.00,5.9155241043786
12.27539,51.3847,233.00,1196.00,5.1330472103004
12.3468316959363,51.36814045,135.00,716.00,5.3037037037037
12.30691,51.35129,542.00,3400.00,6.2730627306273
12.33843,51.37036,231.00,1179.00,5.1038961038961
12.4292272,51.3431984,176.00,1015.00,5.7670454545455
12.339927547285,51.36850865,271.00,1469.00,5.4206642066421
12.348000467907,51.3653246,479.00,2387.00,4.9832985386221
12.4311771,51.3441545,208.00,1048.00,5.0384615384615
12.3202079,51.3889894,189.88,884.51,4.6582578470613
12.42984,51.34105,173.00,850.00,4.9132947976879
12.4567316,51.3522084,947.59,4216.17,4.4493610105636
12.388848299988,51.34098325,356.00,2293.00,6.4410112359551
12.4135036,51.3593987,243.39,1461.00,6.002711697276
12.4144807,51.3553556,182.00,978.00,5.3736263736264
12.378418,51.3622865,519.56,4701.51,9.0490222495958
12.3967943,51.3446687,276.71,1617.36,5.8449640417766
12.372897039005,51.36474125,309.03,1922.00,6.2194608937644
12.346501352745,51.369088,196.08,1050.00,5.3549571603427
12.33393,51.33809,208.70,1110.00,5.3186391950168
12.3713083,51.3564812,175.00,1190.00,6.8
12.36536,51.36921,204.62,1371.00,6.7002248069592
12.3570118,51.3649802,223.00,1159.00,5.1973094170404
12.36473,51.33874,330.00,2356.00,7.1393939393939
12.405841,51.3781017,212.85,1064.00,4.9988254639417
12.367133313581,51.31474600657,429.00,4125.00,9.6153846153846
12.3723276964431,51.3415399,110.02,816.00,7.4168333030358
12.3645371,51.371058,577.52,3057.00,5.293323174955
12.3664913,51.357715,168.03,970.00,5.7727786704755
12.319522,51.3818771,852.00,4590.00,5.387323943662
12.368943466078,51.3610731,206.24,1296.00,6.2839410395656
12.41652495425,51.3448023,439.36,1962.00,4.4655863073562
12.3735024,51.3491475,99.87,765.00,7.6599579453289
12.379391845094,51.3114151,1011.46,7991.39,7.9008463013861
12.33141,51.31935,195.00,1228.00,6.2974358974359
12.3080625,51.3186387,185.72,900.00,4.8460047383157
12.30043,51.31509,485.14,2033.12,4.1907902873397
12.4297712,51.3415748,186.30,840.00,4.5088566827697
12.3623,51.33712,199.00,1934.00,9.7185929648241
12.418121262883,51.351839131316,832.68,3735.23,4.4857928616035
12.3654156,51.32284755,301.00,1923.00,6.3887043189369
12.362975549069,51.338366209867,234.00,1805.00,7.7136752136752
12.2685414,51.3133371,159.00,739.00,4.6477987421384
12.4140519,51.357862,259.00,1160.00,4.4787644787645
12.3784435,51.3142091,282.30,2581.00,9.1427559334042
12.3142184213832,51.3462988,489.76,2475.00,5.0534955896766
12.2860134,51.32621046,156.22,513.81,3.2890154909743
12.36059,51.37086,204.12,1128.00,5.5261610817166
12.3717795,51.3052136,664.20,4000.00,6.0222824450467
12.3241845,51.3368985,520.00,2380.00,4.5769230769231
12.3984097,51.3420052,188.00,1078.00,5.7340425531915
12.3149621,51.3797436,455.12,2271.00,4.9898927755317
12.368471,51.32981,435.30,3583.00,8.2311049850678
12.3262115,51.3362784,456.59,2578.00,5.6462033772093
12.3776249,51.3243236,199.44,1328.00,6.6586442037706
12.4194387,51.3444389,182.43,960.00,5.2622923861207
12.3998067,51.3460258,297.42,1337.30,4.4963351489476
12.408839899999975,51.3527675,230.31,1272.00,5.5229907515957
12.3904,51.33475,954.28,9373.99,9.8231022341451
12.29629,51.31499,210.24,1008.00,4.7945205479452
12.35879,51.3629,470.76,2832.00,6.0158042314555
12.42129,51.35279,180.00,890.00,4.9444444444444
12.385049375059,51.34180895,336.00,1986.00,5.9107142857143
12.26441,51.34376,275.06,1373.00,4.9916381880317
12.414756424904,51.3221348,248.08,1423.50,5.7380683650435
12.38959,51.34507,300.09,2209.00,7.3611249958346
12.4088491,51.3558113,586.51,2576.00,4.3920819764369
12.2705168,51.311839,1045.23,4324.99,4.1378356916659
12.2958185,51.3122895,419.90,1967.19,4.6849011669445
12.32619,51.32251,1281.44,8704.00,6.7923585965788
12.3860287,51.2954198,301.27,2011.00,6.6750755136588
12.35672,51.34401,257.50,1539.00,5.9766990291262
12.3349753,51.3716203,164.06,900.00,5.4857978788248
12.3197017,51.3887072,174.27,901.55,5.1732943134217
12.32574,51.3185526,198.60,965.00,4.8590130916415
12.3149103425742,51.3319653,174.71,789.46,4.518688111728
12.410347724124,51.333141824512,283.00,1250.00,4.416961130742
12.2883531,51.3285899,226.68,1020.00,4.4997353096877
12.353168674563,51.3471117,353.00,2392.00,6.7762039660057
12.4068648,51.3460845,321.00,980.00,3.0529595015576
12.4718547,51.3586251,491.31,3159.00,6.4297490382854
12.3365652,51.3699687,479.53,2157.00,4.498154442892
12.4152529392261,51.32199085,408.00,2228.00,5.4607843137255
12.430165457449,51.34418605,210.00,990.00,4.7142857142857
12.3839360990412,51.34268235,234.20,1800.00,7.6857386848847
12.32358,51.33496,1029.07,7207.50,7.0038967222832
12.4176,51.36085,215.56,1026.00,4.7596956763778
12.41769,51.32216,241.50,1290.00,5.3416149068323
12.3715178,51.3181537,182.00,1223.00,6.7197802197802
12.4250009166824,51.321562,266.15,1589.00,5.9703174901371
12.2856703,51.3203742,99.90,452.00,4.5245245245245
12.41706,51.33851,205.00,866.00,4.2243902439024
12.324917648961,51.3389956,465.61,2417.00,5.1910397113464
12.3169117,51.3474529,347.96,1680.00,4.8281411656512
12.4167,51.354155,709.10,3412.52,4.8124665068397
12.381474774538,51.31900015,196.88,1219.00,6.1915887850467
12.3225,51.30559,132.88,716.00,5.3883202889825
12.4388004,51.3498926,167.27,1030.00,6.157709093083
12.3677679,51.3400795,223.94,1144.00,5.1085112083594
12.418097,51.3830808,295.77,1588.50,5.3707272542854
12.4149,51.33618,450.10,2119.00,4.7078427016219
12.4176513,51.3835787,103.70,700.00,6.7502410800386
12.3230142,51.3193358,270.08,1351.42,5.0037766587678
12.2921285,51.3574265,295.00,1500.00,5.0847457627119
12.3318938,51.3310886,139.31,724.00,5.197042566937
12.406075490974,51.36304695,257.00,1100.00,4.2801556420233
12.3649266,51.3708274,280.00,1940.00,6.9285714285714
12.32177355,51.33407475,225.00,1080.00,4.8
12.339642072556,51.32341675,253.80,1835.00,7.2301024428684
12.4325606,51.3496365,204.96,855.62,4.1745706479313
12.387438452962,51.3273918,367.00,2023.00,5.5122615803815
12.41364,51.35493,220.00,1203.00,5.4681818181818
12.41445,51.35425,324.00,1832.00,5.6543209876543
12.41472,51.33975,149.00,670.00,4.496644295302
12.413571739359,51.332759735871,132.00,763.00,5.780303030303
12.367624828383,51.358202731234,1009.00,8848.98,8.7700495540139
12.3366678,51.3725287,185.22,933.00,5.0372529964367
12.4059046,51.3486343,380.89,1575.00,4.1350521147838
12.410353,51.3548313,208.05,950.00,4.5662100456621
12.41247,51.34065,180.19,820.00,4.5507519840169
12.4197468,51.3203263,189.88,1040.00,5.4771434590268
12.3556397,51.3339807,207.80,1725.00,8.3012512030799
12.28693,51.32871,355.30,1880.00,5.2913031241205
12.3711833,51.3234165,177.55,1331.00,7.4964798648268
12.3621323,51.3712895,297.00,1827.00,6.1515151515152
12.4001234,51.3479584,175.48,758.00,4.3195805789834
12.41076,51.33976,164.87,910.00,5.5195002122885
12.2622282,51.312124,174.00,775.00,4.4540229885057
12.4128042,51.3527321,269.00,1462.00,5.4349442379182
12.3597195,51.386719,342.00,1942.00,5.6783625730994
12.4298477,51.3439212,327.80,1525.00,4.6522269676632
12.41121,51.33557,298.00,1370.00,4.5973154362416
12.373814212722,51.35145305,374.00,1857.00,4.9652406417112
12.4083558,51.3717928,208.09,1140.00,5.4783987697631
12.4048845,51.3353402,302.40,1516.00,5.0132275132275
12.3612922,51.3360061,293.00,2380.00,8.122866894198
12.331785674053,51.37158375,366.00,1886.00,5.1530054644809
12.40986,51.35662,331.00,2366.00,7.1480362537764
12.3356477,51.3714751,344.19,1876.00,5.4504779336994
12.322774,51.3439656,2772.35,19879.03,7.1704618825184
12.3859596,51.37274988,303.05,1925.00,6.3520871143376
12.40851,51.34236,293.60,2109.00,7.183242506812
12.373145485087,51.345913148288,219.00,1608.00,7.3424657534247
12.3707889,51.3287015,203.40,1598.00,7.8564405113078
12.3757558,51.3317848,196.94,1462.00,7.4235807860262
12.4673759,51.2795969,747.03,4536.00,6.0720452993856
12.3094288,51.3762567,169.38,1070.00,6.3171566891014
12.2706406,51.3254469,188.61,789.70,4.1869466094057
12.3369375,51.3340803,317.96,1880.00,5.912693420556
12.3278865,51.3013037,383.11,2071.00,5.4057581373496
12.3764964488885,51.3566376,145.00,664.00,4.5793103448276
12.2729161,51.3215768,303.21,1516.00,4.999835097787
12.4107855,51.3571483,410.92,1856.00,4.5166942470554
12.3763385,51.3097821,119.00,750.00,6.3025210084034
12.397069211542,51.3471296,158.66,830.00,5.2313122400101
12.4057329,51.3397476,215.52,1118.00,5.1874536005939
12.34421,51.32388,207.54,1257.00,6.0566637756577
12.2855107666667,51.32560585,192.44,807.33,4.1952296819788
12.3333633,51.3336289,179.08,968.00,5.4054054054054
12.2743088,51.3205457,1540.36,6697.00,4.3476849567634
12.40455,51.34161,1610.60,11818.00,7.3376381472743
12.4179817046045,51.37666435,211.83,980.59,4.6291365717793
12.3994888,51.375728,135.00,788.00,5.837037037037
12.4098683,51.331966,204.00,1048.00,5.1372549019608
12.3075374571429,51.3185523,171.04,848.00,4.9579045837231
12.4224796848778,51.3191048,354.00,2205.00,6.228813559322
12.407588284995,51.3326551,265.34,1355.00,5.106655611668
12.3661989,51.3679009,174.00,519.00,2.9827586206897
12.4042585,51.3388203,193.00,870.00,4.5077720207254
12.3749756,51.3420627,131.78,903.00,6.8523296403096
12.3217966,51.3005506,163.00,840.00,5.1533742331288
12.34025,51.36973,177.20,993.00,5.6038374717833
12.3250664,51.3013895,177.00,1080.00,6.1016949152542
12.4561818,51.3537337,1438.74,5747.59,3.9948774622239
12.3220942823821,51.302117,201.22,1157.00,5.7499254547262
12.3265749,51.3058387,156.10,930.00,5.9577194106342
12.3981216,51.3008803,314.00,1416.00,4.5095541401274
12.33926,51.39198,164.90,990.00,6.0036385688296
12.333496,51.3391576,275.71,1576.00,5.7161510282543
12.3403099,51.3901421,212.40,1450.95,6.8312146892655
12.405868375334,51.3465884,279.44,1353.00,4.8418265101632
12.463,51.3545,160.20,735.38,4.5903870162297
12.332326,51.3311669,170.00,844.00,4.9647058823529
12.3250406,51.3449729,172.55,1242.00,7.1979136482179
12.2858067,51.3141198,263.00,1124.00,4.2737642585551
12.330706,51.320523,63.00,587.00,9.3174603174603
12.3343573,51.3708262,225.00,972.00,4.32
12.4014728,51.2832218,787.58,3364.09,4.2714263947789
12.416646725,51.35937695,143.00,677.00,4.7342657342657
12.3985458,51.3423622,643.30,3229.00,5.0194310586041
12.33791,51.36904,133.22,775.00,5.8174448281039
12.3130325,51.331523,153.72,840.26,5.4661722612542
12.4099752,51.33582,338.16,1890.00,5.5890702625976
12.334480475917,51.33288975,188.00,770.00,4.0957446808511
12.3728669,51.3463256,391.00,2729.00,6.9795396419437
12.3658472,51.3638283,260.20,1432.18,5.5041506533436
12.4119913866928,51.3570661,252.11,1205.27,4.7807306334537
12.2865522,51.3147115,270.50,1315.00,4.8613678373383
12.4312742,51.340425,479.31,2878.26,6.0050071978469
12.288557412732,51.32808825,373.95,1693.64,4.5290546864554
12.4084581,51.3530992,643.24,3437.00,5.3432622349356
12.3563376,51.3460922,531.00,3725.00,7.015065913371
12.326249,51.3367871,252.23,1500.00,5.9469531776553
12.2965889,51.3135848,481.61,2048.50,4.2534415813625
12.39789,51.34661,213.31,1007.00,4.7208288406544
12.4109439165134,51.3467562,210.58,893.00,4.2406686294995
12.4223046,51.3064006,199.00,845.00,4.2462311557789
12.4142049,51.3445555,167.31,688.59,4.115653577192
12.2724314,51.3239062,176.38,715.00,4.0537475904298
12.39645,51.34432,376.00,1998.00,5.313829787234
12.2886649,51.3553876,151.71,906.00,5.9719201107376
12.33323,51.37298,193.40,951.34,4.9190279214064
12.36376,51.36489,161.00,840.00,5.2173913043478
12.36412,51.32207,277.00,1680.00,6.0649819494585
12.3018,51.3232,114.60,548.00,4.78184991274
12.320802,51.3899478,162.86,822.30,5.049121945229
12.2911419,51.3566004,239.00,1267.00,5.3012552301255
12.3354327,51.3358402,179.89,870.00,4.8362888431819
12.4166604,51.323644,537.25,2919.00,5.4332247557003
12.4089379,51.3730812,168.46,900.00,5.3425145435118
12.338596025277,51.3345798,207.00,1071.00,5.1739130434783
12.33020508595,51.3335583,334.00,2350.00,7.0359281437126
12.3892245,51.3386139,580.41,6020.00,10.371978429042
12.40708448583,51.3316507,251.00,1357.00,5.406374501992
12.4259,51.34344,279.00,1403.00,5.0286738351254
12.335072710853,51.3710293,352.36,2042.00,5.7952094448859
12.36214,51.35844,226.59,1440.00,6.3550906924401
12.39339,51.29941,209.77,1277.10,6.0880964866282
12.3790892,51.3242931,175.60,970.00,5.5239179954442
12.3237674,51.3124434,1286.41,6221.50,4.8363274539222
12.33008,51.33788,355.30,1820.00,5.1224317478187
12.406724975818,51.33470765,204.00,1128.00,5.5294117647059
12.3267887,51.3237024,595.00,2966.00,4.9848739495798
12.4062422,51.3454112,188.82,770.00,4.0779578434488
12.3422423,51.3294424,474.92,2668.00,5.6177882590752
12.4048323,51.3007128,123.12,646.00,5.2469135802469
12.4636896,51.3579902,180.05,738.21,4.1000277700639
12.3213675,51.3006922,260.00,1447.00,5.5653846153846
12.3257087,51.3179068,301.71,1487.19,4.929203539823
12.3914957,51.2924819,322.76,1834.00,5.6822406741852
12.4223,51.33503,134.05,689.80,5.1458411040656
12.35935,51.35937,317.36,2185.00,6.8849256365011
12.3539374,51.3640167,139.00,635.00,4.568345323741
12.372588,51.360992,387.52,2113.00,5.4526218001652
12.3328055,51.3317837,177.45,920.00,5.1845590307129
12.38952,51.34008,196.00,1069.00,5.4540816326531
12.370234860028,51.31166535,363.00,2555.00,7.0385674931129
12.29595,51.35859,187.11,1050.00,5.6116722783389
12.337151,51.3708475,239.00,1145.00,4.7907949790795
12.330502791642,51.33987795,231.00,1206.00,5.2207792207792
12.3222202,51.3345491,165.74,990.00,5.9732110534572
12.350431839858,51.3865489,116.60,515.00,4.4168096054889
12.386812174216,51.36388525,382.00,1878.00,4.9162303664921
12.4788259,51.3325022,196.00,1056.00,5.3877551020408
12.4068163,51.3517642,259.07,1365.00,5.2688462577682
12.4574968,51.3559548,522.00,2354.00,4.5095785440613
12.3683623,51.3682184,173.82,1100.00,6.3283856863422
12.38799,51.33563,457.24,4190.40,9.1645525325868
12.2920201,51.3560619,181.47,862.00,4.7500964346724
12.4048492,51.3782544,168.30,967.34,5.7477124183007
12.28375932,51.32603748,378.00,1788.00,4.7301587301587
12.37537946505,51.36607735,443.00,2777.00,6.2686230248307
12.3215816,51.3139633,388.78,2167.00,5.5738463912753
12.4110503,51.3525957,268.00,1537.00,5.7350746268657
12.4212627,51.3224963,184.33,966.00,5.2406010958607
12.3357666,51.3266995,360.35,2057.00,5.7083391147495
12.4090104,51.354338,149.51,663.84,4.4401043408468
12.414708264588,51.32242955,450.00,2447.00,5.4377777777778
12.3738252002193,51.3199223,151.74,1439.00,9.4833267431132
12.3781752163639,51.35865715,363.00,1815.00,5
12.3793589,51.3219417,76.07,660.00,8.6762192717234
12.430159584764,51.34169715,225.00,1010.00,4.4888888888889
12.4329707,51.3079773,160.69,880.00,5.4763830978903
12.328824,51.3718729,167.00,986.00,5.9041916167665
12.373312,51.3585056,158.00,888.00,5.620253164557
12.36969115116,51.3093509,361.44,2354.00,6.512837538734
12.2710381,51.3192957,230.45,961.00,4.1701019743979
12.41591,51.33361,254.20,1236.00,4.8623131392604
12.364384243286,51.3650234,295.31,1879.00,6.3628051877688
12.41310503499,51.33322226382,399.00,1793.00,4.4937343358396
12.3587428592644,51.33461085,534.77,4005.00,7.4892009649008
12.3696564,51.375873,183.30,932.00,5.0845608292417
12.4547068,51.3231603,527.55,3908.00,7.4078286418349
12.3460346,51.3666149,176.00,933.00,5.3011363636364
12.3692107,51.3670473,113.69,744.00,6.5441111795233
12.3568727,51.343225,174.00,1270.00,7.2988505747126
12.3922025,51.2873989,201.00,1236.00,6.1492537313433
12.340735225934,51.36949895,210.00,1155.00,5.5
12.333688,51.3379243,200.00,884.00,4.42
12.423521,51.3346849,169.00,925.00,5.4733727810651
12.41447,51.35362,173.96,925.00,5.3173143251322
12.3318195,51.3298473,138.00,782.00,5.6666666666667
12.4121601,51.341231,192.28,990.00,5.1487414187643
12.268261,51.3054907,191.88,739.00,3.8513654367313
12.37540194481,51.35863925,234.17,1424.00,6.0810522270146
12.399115,51.3460649,235.00,938.00,3.9914893617021
12.3675612483483,51.3193077,1100.90,8422.00,7.6501044599873
12.3034965,51.3214044,626.33,3029.06,4.8362045567033
12.4008849,51.3416029,318.31,1845.00,5.7962363733467
12.2706394,51.3088991,2348.48,9534.52,4.0598685106963
12.4041547,51.3218998,212.00,1012.00,4.7735849056604
12.3215942,51.3153957,144.00,765.00,5.3125
12.4099316,51.3424472,179.25,866.38,4.8333612273361
12.369739857644,51.35499015,157.00,1120.00,7.1337579617834
12.4146498536332,51.3226653,251.79,1261.00,5.0081417053894
12.3129846,51.2862734,226.60,1584.00,6.9902912621359
12.4322206,51.3074377,162.66,880.00,5.4100577892537
12.405228127552,51.36781705,195.00,860.00,4.4102564102564
12.28821,51.35737,360.50,2422.00,6.7184466019417
12.428835,51.3432391,491.71,2907.16,5.9123467084257
12.457608,51.3512711,240.88,1090.39,4.5266937894387
12.3231884,51.2952308,289.00,1268.00,4.3875432525952
12.434781586753,51.33778445,135.00,710.00,5.2592592592593
12.363667446776,51.337161,304.50,2573.00,8.4499178981938
12.4204825,51.3444559,182.00,869.00,4.7747252747253
12.389029639566,51.36418385,183.86,1207.00,6.5647775481344
12.3257511,51.3152013,407.45,1950.00,4.78586329611
12.41204,51.33177,445.43,2400.00,5.3880519947017
12.3795515,51.3048405,164.20,940.00,5.7247259439708
12.3254897,51.3125171,348.00,1743.00,5.0086206896552
12.324374354628,51.33550975,557.00,3493.00,6.2710951526032
12.3587839,51.335895,258.00,1798.00,6.968992248062
12.3261111,51.3073239,144.26,819.00,5.6772494107861
12.4102744,51.3445543,187.87,1020.00,5.4292862085485
12.4506654,51.353335,285.38,1826.00,6.3984862288878
12.3134945,51.3320604,161.00,670.00,4.1614906832298
12.41258,51.32865,453.00,2568.00,5.6688741721854
12.3667506,51.3318638,221.60,1970.00,8.8898916967509
12.25534,51.32372,534.00,2795.00,5.2340823970037
12.395965,51.3451235,220.00,1180.00,5.3636363636364
12.3765173,51.3682337,223.00,1060.00,4.7533632286996
12.3748331,51.3221966,293.00,1764.00,6.0204778156997
12.4181425,51.3811204,268.18,1294.00,4.8251174584234
12.3202184,51.3464118,176.00,910.00,5.1704545454545
12.4094429,51.3568413,289.16,1619.00,5.598976345276
12.37935,51.3851481,569.38,3405.00,5.9801889774843
12.322391364897,51.37512925,190.00,753.00,3.9631578947368
12.4178768,51.3608815,406.00,1975.00,4.8645320197044
12.40988,51.35423,218.64,1126.00,5.150018294914
12.40997,51.34106,1210.59,8969.00,7.4087841465732
12.47256,51.35875,185.72,1384.00,7.4520783975878
12.3235868,51.3058017,191.96,966.00,5.0322983954991
12.4327004,51.3759099,590.47,3013.99,5.1043914170068
12.40943,51.34595,215.00,1075.00,5
12.3396489,51.3360108,296.00,1884.00,6.3648648648649
12.44014,51.33211,257.36,1410.00,5.4787068697544
12.2849394666667,51.3252622,154.61,551.85,3.5693034085764
12.4071158,51.3533987,198.00,1116.00,5.6363636363636
12.3343263,51.3367614,236.00,1140.00,4.8305084745763
12.343193,51.3198802,212.70,1350.00,6.3469675599436
12.40907,51.33383,497.14,2620.00,5.2701452307197
12.3596237,51.365032,256.80,1270.00,4.9454828660436
12.4301933,51.3547027,404.19,1872.47,4.6326480120735
12.3871238,51.3594652,336.00,1765.00,5.2529761904762
12.3252495,51.375744,277.28,1531.00,5.5214945181766
12.4052387,51.3804236,167.22,753.99,4.5089702188733
12.4314433828866,51.30066685,160.88,734.00,4.5624067628046
12.3072289,51.3198021,249.80,1218.00,4.8759007205765
12.4639031,51.3523998,1295.91,5349.67,4.1281184650169
12.40664,51.33666,216.00,1110.00,5.1388888888889
12.374593860335,51.33119655,322.15,1785.00,5.5408970976253
12.384081,51.3613198,321.76,1829.00,5.6843610144207
12.34378,51.36784,513.00,3225.00,6.2865497076023
12.3729751925351,51.30581255,210.23,1010.11,4.8047852352186
12.40574,51.3337,161.80,825.00,5.0988875154512
12.3689831,51.3871781,151.50,928.00,6.1254125412541
12.4518093,51.3456271,195.00,880.00,4.5128205128205
12.408037,51.3394666,186.10,1000.00,5.3734551316497
12.393683159515,51.339698840744,175.00,1025.00,5.8571428571429
12.40484,51.3009533,404.77,1905.00,4.7063764607061
12.4051914,51.3350261,254.94,1680.00,6.5897858319605
12.3818664203421,51.31012105,258.00,1321.00,5.1201550387597
12.40457,51.3652372,162.00,791.00,4.8827160493827
12.40466,51.33013,260.44,1712.00,6.573491015205
12.3720643,51.3268989,272.00,1420.00,5.2205882352941
12.4048271,51.3390791,329.00,1840.00,5.5927051671733
12.3705601,51.308036,249.90,1402.00,5.6102440976391
12.428436,51.2980113,799.48,4261.96,5.3309150948116
12.40376,51.32892,190.08,1045.44,5.5
12.27032825,51.32312615,291.96,1188.00,4.0690505548705
12.3360145,51.3702263,233.00,1285.00,5.5150214592275
12.4121767,51.3424776,1537.27,7720.00,5.0218894533816
12.4186564,51.3159147,263.00,1540.00,5.8555133079848
12.4007215,51.3457217,243.00,1261.00,5.1893004115226
12.3886535,51.3622232,235.00,1223.00,5.2042553191489
12.4169679,51.3247231,125.00,746.00,5.968
12.3685470888457,51.3378301,219.36,1165.63,5.3137764405543
12.3993801,51.3471635,313.93,1356.00,4.319434268786
12.371823431254,51.33856625,754.30,3975.43,5.2703566220337
12.38932835,51.3245073,155.94,822.00,5.2712581762216
12.322125,51.3411884,215.56,1116.00,5.1772128409724
12.3113772820046,51.33526985,107.22,671.21,6.2601193807126
12.386051025,51.371662425,730.08,3565.00,4.8830265176419
12.4191534,51.3331247,343.63,2529.98,7.3625120041906
12.4153307,51.3584526,288.20,1446.54,5.0192227619709
12.39935,51.34628,161.20,1020.00,6.3275434243176
12.416879986103,51.32384395,440.32,2255.00,5.1212754360465
12.43015,51.3412,277.87,1442.00,5.1894770936049
12.4144479,51.3569436,177.00,869.00,4.909604519774
12.270793,51.3213104,259.72,1303.74,5.0197905436624
12.3062899,51.3169716,159.86,776.00,4.8542474665332
12.4036783,51.3768675,166.22,829.12,4.9880880760438
12.4027912,51.3408462,306.00,1302.00,4.2549019607843
12.3223563,51.33322645,178.00,874.00,4.9101123595506
12.3292817,51.3195031,226.50,1152.50,5.0883002207506
12.3232563,51.3438134,648.00,3965.00,6.1188271604938
12.36666,51.34079,251.65,1927.00,7.6574607589907
12.33622,51.34056,486.95,1389.00,2.8524489167266
12.41566705,51.3435684,523.60,2322.00,4.4346829640947
12.42943,51.34063,851.52,5255.60,6.1720217963172
12.3742068,51.3253748,215.13,1600.00,7.4373634546553
12.3036329,51.3179986,620.14,2801.90,4.5181733157029
12.39755,51.31088,183.28,864.00,4.7140986468791
12.311864065903,51.34862525,265.00,1277.00,4.8188679245283
12.3734868,51.3616907,296.87,1775.00,5.979048068178
12.264356,51.3143765,395.00,1435.74,3.6347848101266
12.3896303,51.3651174,467.20,3076.00,6.583904109589
12.4350825,51.3309742,472.12,2197.00,4.65347792934
12.3947815,51.3645484,677.20,3508.80,5.1813349084465
12.41732617076,51.3237403,381.00,2023.00,5.3097112860892
12.3886446,51.3642291,165.32,1010.00,6.1093636583595
12.36522,51.34075,244.65,2070.00,8.4610668301655
12.36522,51.3212,177.00,999.00,5.6440677966102
12.4001984,51.3461946,323.73,1564.00,4.8311864825626
12.36459,51.33787,182.00,1063.00,5.8406593406593
12.3172411656627,51.3313402,177.61,846.45,4.7657789538877
12.4520403,51.3455617,703.00,3150.00,4.4807965860597
12.3834891,51.3353565,205.00,1376.00,6.7121951219512
12.372831,51.3092368,230.65,1390.00,6.0264469976154
12.4220887,51.3067858,213.60,959.00,4.4897003745318
12.39377,51.36459,200.80,1003.00,4.9950199203187
12.3826662,51.316719,165.25,1150.00,6.9591527987897
12.3411267,51.3302537,301.00,2285.00,7.5913621262458
12.3844533,51.3367467,283.00,1771.00,6.2579505300353
12.3788544783291,51.31032755,415.12,2535.00,6.1066679514357
12.4203188,51.3228153,420.00,2053.60,4.8895238095238
12.2623846,51.30529595,99.00,629.00,6.3535353535354
12.26778,51.317,512.08,2537.00,4.9543040149977
12.320599,51.3893339,251.33,1200.46,4.7764293956153
12.323886,51.3388664,525.75,3624.33,6.893637660485
12.3819344248203,51.31550765,791.29,5275.00,6.6663296642192
12.3990797,51.3465592,164.06,860.00,5.2419846397659
12.4121205,51.3300295,293.93,1553.66,5.2858163508318
12.4079464,51.3463085,240.86,1178.00,4.8908079382214
12.3398452,51.3680813,309.67,1708.00,5.5155488100236
12.306821,51.319709,185.72,931.00,5.0129226793022
12.432721,51.378713,1347.21,6505.00,4.8284974131724
12.3919614,51.2925805,258.00,1455.00,5.6395348837209
12.2912089,51.3570847,399.00,2004.00,5.0225563909774
12.3120622,51.2826673,644.55,3068.00,4.759910014739
12.3926861254307,51.287899,277.61,1425.00,5.1331003926372
12.3722523,51.3379715,483.00,3308.00,6.8488612836439
12.4059022,51.3680505,320.82,1855.00,5.7820584751574
12.4160203,51.344103,188.41,880.00,4.6706650390107
12.404393688323,51.33222465,315.00,1585.00,5.031746031746
12.4433533,51.3279449,162.18,1067.01,6.579171291158
12.373671198054,51.345799224106,324.18,2249.00,6.9375038558825
12.363233381673,51.332748005029,239.15,1830.00,7.6521011917207
12.3636298,51.3366404,311.15,2245.00,7.2151695323799
12.32767,51.29794,660.00,5127.00,7.7681818181818
12.3428493,51.3266062,119.87,840.00,7.0075915575206
12.376134807036,51.329815200366,461.53,3980.00,8.6234914306762
12.3224159,51.3442587,439.00,3085.00,7.0273348519362
12.4585154,51.3543964,246.66,986.30,3.9986215843671
12.48302,51.34003,177.16,1065.00,6.011515014676
12.3975239,51.3572209,341.38,1885.00,5.5217060167555
12.41935,51.32031,397.29,2327.00,5.8571824108334
12.4066680055406,51.35078905,159.17,797.85,5.012565181881
12.3618255,51.3718568,270.00,1480.00,5.4814814814815
12.414947036042,51.3198262,377.81,1905.00,5.0422169873746
12.3888071,51.3384132,621.98,4874.00,7.8362648316666
12.32488,51.31668,306.70,1530.00,4.9885881969351
12.3245243,51.3324887,258.00,1883.00,7.2984496124031
12.337178215795,51.3362684,150.00,711.00,4.74
12.29318,51.3595,279.33,1325.00,4.7434933591093
12.4144677205121,51.31560415,715.00,5720.00,8
12.35649,51.36134,117.00,650.00,5.5555555555556
12.4175672,51.3821392,242.24,1157.00,4.7762549537649
12.28395244,51.32615346,364.00,1804.00,4.956043956044
12.3222101,51.3163852,231.00,1070.00,4.6320346320346
12.3178013185942,51.3317381,523.49,2519.02,4.8119734856444
12.406694555444,51.344733684223,140.45,724.00,5.1548593805625
12.3253985,51.3423963,220.00,1022.00,4.6454545454545
12.4039649,51.3414524,539.50,2639.00,4.8915662650602
12.38603,51.37345,457.88,2760.00,6.0277802044204
12.38603,51.37332,120.00,840.00,7
12.397200442815,51.3311474,659.00,4343.00,6.5902883156297
12.37436162551,51.321902,121.16,757.00,6.2479366127435
12.376546936929,51.36008415,306.09,1845.00,6.0276389297266
12.3238728,51.3798332,366.00,1583.00,4.3251366120219
12.3912497,51.2946939,113.09,529.09,4.6784861614643
12.388978564902,51.33859629538,915.21,9633.00,10.525453174681
12.3654705898665,51.36362695,591.20,6467.00,10.938768606225
12.41656,51.32067,170.04,989.00,5.8162785227005
12.4104188,51.3408932,210.00,1011.00,4.8142857142857
12.3674393,51.342706,216.64,1273.64,5.8790620384047
12.3115133,51.3156732,424.00,1853.00,4.3702830188679
12.3566141,51.3471602,311.73,2535.00,8.1320373400058
12.41503,51.3392,203.00,1180.00,5.8128078817734
12.399137431545,51.347121062266,799.24,3521.40,4.4059356388569
12.3791516,51.3091891,428.71,3070.00,7.1610179375335
12.41404,51.35852,185.01,925.00,4.9997297443381
12.343923729219,51.36767775,464.06,2797.94,6.0292634573116
12.3189486,51.3469627,255.00,1365.00,5.3529411764706
12.36312600903,51.36803485,454.38,2656.00,5.8453276992825
12.349617247526,51.3676305,257.32,1310.00,5.0909373542671
12.386405180618,51.3621225,126.00,697.00,5.531746031746
12.4140142,51.3254458,281.50,1519.00,5.3960923623446
12.355504,51.3455719,251.38,1698.00,6.7547139788368
12.356662062993,51.3635319,260.00,1310.00,5.0384615384615
12.3216566312766,51.3752624,330.00,1650.00,5
12.41188,51.33529,169.47,1218.11,7.1877618457544
12.324794,51.3363588,257.63,1305.00,5.0654038737725
12.3249611,51.3379173,169.00,818.00,4.8402366863905
12.41062,51.35025,322.00,2044.00,6.3478260869565
12.409950757189,51.333423361472,115.00,655.00,5.695652173913
12.4108,51.34091,1779.12,12676.00,7.1248707226044
12.3377319,51.3303741,260.00,2170.00,8.3461538461538
12.340943729262,51.3193032,803.30,5350.00,6.6600273870285
12.359349543019,51.36929679046,344.00,2680.00,7.7906976744186
12.386274898215,51.334544464718,223.21,1111.11,4.9778683750728
12.3269752,51.3415434,248.00,1220.00,4.9193548387097
12.2856028,51.3141425,216.80,951.00,4.3865313653137
12.309643568747,51.3499036,212.80,1113.00,5.2302631578947
12.3650563,51.371002,410.41,2219.00,5.4067883336176
12.4278306,51.3419919,155.00,903.00,5.8258064516129
12.3236068,51.3777918,132.00,664.00,5.030303030303
12.4011018,51.3346163,248.80,1531.00,6.153536977492
12.3986248,51.3280765,380.90,3039.00,7.9784720399055
12.3739488,51.3315862,465.00,2580.00,5.5483870967742
12.409,51.33111,234.40,1230.00,5.2474402730375
12.452768,51.3474813,284.76,1362.36,4.7842393594606
12.37721,51.33102,624.00,6126.00,9.8173076923077
12.3730359,51.3386819,86.87,844.00,9.7156670887533
12.40855,51.33516,233.00,1165.00,5
12.413481041286,51.35359129099,212.00,1224.00,5.7735849056604
12.4083652411099,51.3313806,346.52,1935.00,5.5840932702297
12.3218111,51.3449377,239.91,1230.00,5.1269225959735
12.2853203333333,51.3254913,168.22,678.14,4.0312685768636
12.3213611,51.3449181,748.08,5165.00,6.9043417816276
12.408841784404,51.35596105,403.00,1827.00,4.5334987593052
12.40693,51.34693,246.45,1230.00,4.9908703590992
12.4111941,51.3409408,273.82,1374.00,5.0178949674969
12.3277465,51.3388378,295.55,1250.00,4.2294028083235
12.37532,51.36585,856.00,5729.00,6.6927570093458
12.3258608,51.3423247,171.94,875.00,5.088984529487
12.4887748,51.3372354,178.00,1140.00,6.4044943820225
12.3859738,51.37257206,157.78,975.00,6.1794904297123
12.46925,51.27862,195.98,1215.00,6.1996122053271
12.3584522,51.3640501,225.54,1295.00,5.7417752948479
12.4333802,51.3777636,269.71,1256.33,4.6580771940232
12.34362,51.32558,250.53,1695.00,6.765656807568
12.40612,51.33962,146.22,775.00,5.3002325263302
12.37505,51.36394,1316.85,8668.07,6.5824277632228
12.37514,51.36842,421.92,3080.00,7.2999620781191
12.4326688,51.3301703,378.00,2505.00,6.6269841269841
12.37379,51.36974,334.20,1845.00,5.5206463195691
12.40504,51.3326,436.93,2958.00,6.7699631519923
12.37654775,51.32793795,355.07,2979.00,8.3898949502915
12.40531,51.33222,269.50,2056.00,7.6289424860853
12.3429,51.32355,174.00,940.00,5.4022988505747
12.4054,51.34183,3362.72,24800.00,7.3749821573012
12.317504,51.3749139,290.41,1404.00,4.8345442650046
12.327365,51.3392983,316.42,1382.00,4.3676126667088
12.3490283,51.3679175,463.28,2354.50,5.0822396822656
12.3361546,51.3905935,364.35,2160.00,5.9283655825443
12.3723715,51.3687576,220.00,1320.00,6
12.2710833,51.319269,188.61,875.00,4.6392025873496
12.4096426,51.3559847,348.00,1466.00,4.2126436781609
12.3727957,51.3095545,89.00,813.00,9.1348314606742
12.37316,51.35372,3223.10,27623.00,8.5703204988986
12.37334,51.35083,451.20,3174.00,7.0345744680851
12.2670677,51.3544788,308.00,1978.00,6.4220779220779
12.3344446,51.3203193,157.26,843.00,5.3605494086227
12.37262,51.37019,346.00,2700.00,7.8034682080925
12.3788211,51.3248769,344.54,1935.00,5.6161838973704
12.37217,51.34653,264.00,1660.00,6.2878787878788
12.332308476873,51.332402,176.90,851.00,4.8106274731487
12.4019115,51.3458854,193.00,845.00,4.3782383419689
12.405685659356,51.3345042,238.00,1117.00,4.6932773109244
12.3393,51.3211,162.93,962.00,5.9043761124409
12.4643,51.28177,159.40,908.00,5.6963613550816
12.371,51.32968,348.15,2672.00,7.6748527933362
12.373567,51.367963,231.94,1301.00,5.6092092782616
12.33984,51.32426,249.57,1619.00,6.487157911608
12.3778311,51.3333612,362.00,3040.00,8.3977900552486
12.3174139285692,51.33204535,169.27,842.08,4.9747740296568
12.4305558,51.349277,324.88,1264.70,3.8928219650332
12.3537128139832,51.3346775,448.73,2750.00,6.1284068370735
12.46385,51.31305,175.07,904.00,5.1636488261838
12.3275619,51.333407,610.32,3580.00,5.8657753309739
12.359526568814,51.369815882063,323.11,2495.00,7.7218284794652
12.311596288488,51.34779325,378.38,2151.00,5.6847613510228
12.4194396711413,51.32003425,648.00,3705.00,5.7175925925926
12.4101224,51.3555132,418.00,2144.00,5.1291866028708
12.2819254,51.3267834,232.12,854.56,3.6815440289505
12.407791,51.372469,267.48,1686.00,6.3032750112158
12.327530145731,51.3393975,158.00,817.00,5.1708860759494
12.3703502611942,51.3401795,479.78,3284.00,6.8448038684397
12.3858075901916,51.33343045,291.00,2405.00,8.2646048109966
12.3751225,51.32189275,214.10,1218.60,5.6917328351238
12.3039057,51.3768315,205.00,850.50,4.1487804878049
12.3932202,51.2881719,167.72,961.00,5.7297877414739
12.397865741429,51.3471667,198.23,955.00,4.8176360793018
12.3973,51.34347,576.50,3314.74,5.7497658282741
12.3909615650372,51.3234497,180.34,938.45,5.2037817455917
12.2802839,51.3149764,758.35,3736.50,4.9271444583636
12.361053182652,51.3421736,138.16,850.00,6.1522872032426
12.4551673,51.3545715,358.23,1591.79,4.4434860285292
12.3819321,51.3627596,369.68,3239.12,8.7619562865181
12.2918205,51.3589459,174.00,1044.00,6
12.3899246,51.38186,224.09,1101.71,4.9163728858941
12.4050139,51.3454717,232.62,995.75,4.2805863640272
12.354153391192,51.36470595,192.41,1061.00,5.5142664102697
12.3254489,51.3392496,190.85,1093.00,5.72701074142
12.420498544141,51.353315937555,529.76,2472.67,4.667528692238
12.27059,51.32,155.61,750.00,4.8197416618469
12.3243904,51.3331555,161.00,690.00,4.2857142857143
12.3430324,51.3230057,459.00,2563.33,5.5845969498911
12.3662684,51.3676042,400.00,2191.60,5.479
12.3772100058267,51.34913685,500.00,2442.00,4.884
12.3159307,51.3467117,491.50,2162.00,4.3987792472024
12.4217573,51.335653,126.50,696.00,5.501976284585
12.4127063,51.3523646,319.00,1827.00,5.7272727272727
12.3446994,51.3260468,508.00,3575.00,7.0374015748031
12.3930740816235,51.33762645,126.43,926.05,7.3246065016214
12.394436734567,51.33629215,322.64,1760.00,5.4549962806844
12.3226718,51.3006856,381.26,1761.50,4.6202066831034
12.3899716,51.3644359,700.55,4405.00,6.2879166369281
12.36101,51.37262,216.50,1197.00,5.5288683602771
12.4035266,51.2859555,197.00,1252.00,6.3553299492386
12.3227403,51.3764955,206.40,1138.01,5.5136143410853
12.3257659,51.3167589,253.20,1295.00,5.1145339652449
12.2838578,51.3258017,572.34,3104.79,5.4247300555614
12.393474202548,51.28651485,1130.40,6762.00,5.9819532908705
12.2669,51.31661,294.32,918.00,3.1190540907855
12.3861317,51.3357828,4173.02,37890.20,9.0798031162084
12.3746515967786,51.35002305,506.00,2853.00,5.6383399209486
12.3078905203951,51.35075715,290.80,1403.44,4.8261348005502
12.392646485729,51.324844087025,249.08,1272.17,5.1074755098763
12.3329226,51.3741046,365.00,2195.00,6.013698630137
12.289686,51.3545629,152.58,849.00,5.5642941407786
12.3353225,51.3354161,171.03,798.00,4.6658480968251
12.42126,51.33361,305.00,1606.00,5.2655737704918
12.377852,51.3207868,173.00,1345.00,7.7745664739884
12.29653,51.3154,205.46,992.00,4.8281904020247
12.35831,51.34239,368.00,2322.00,6.3097826086957
12.42099,51.37712,188.04,1035.00,5.5041480536056
12.38929,51.38182,296.00,1160.00,3.9189189189189
12.42,51.3458,307.00,1420.00,4.6254071661238
12.380439425196,51.320267,238.96,1926.00,8.0599263475059
12.3235844,51.3189544,248.41,1169.10,4.7063322732579
12.37564262168,51.33019396169,201.31,1560.00,7.7492424618747
12.4150073,51.3218399,393.14,1955.00,4.9727832324363
12.3605095281154,51.3417462,148.84,1040.00,6.9873689868315
12.3399079,51.3287129,252.00,1698.00,6.7380952380952
12.3247243,51.3364277,181.30,1018.00,5.6150027578599
12.4153673,51.33588,328.80,1780.00,5.4136253041363
12.3405293,51.3197713,183.00,1059.00,5.7868852459016
12.4363278,51.3485316,161.00,708.00,4.3975155279503
12.32472,51.30198,307.34,1436.00,4.6723498405674
12.41856,51.38485,468.12,2310.50,4.9357002477997
12.28414556,51.32626944,292.05,1234.39,4.2266392740969
12.436122,51.33121,149.51,830.00,5.5514681292221
12.4169486,51.3210453,181.00,1095.00,6.0497237569061
12.41811,51.35764,244.00,1131.00,4.6352459016393
12.3626211,51.3391296,308.00,2847.00,9.2435064935065
12.3612668,51.3800479,533.80,2658.00,4.9793930310978
12.32283,51.3440335,423.52,2740.00,6.4695882130714
12.3260227,51.3364779,256.90,1386.00,5.3950953678474
12.3159003,51.3847908,165.00,941.00,5.7030303030303
12.406423640863,51.33227515,281.50,1440.00,5.1154529307282
12.3084521,51.3500607,407.69,2039.00,5.00134906424
12.4160529,51.3344133,1557.12,9263.47,5.949104757501
12.41703,51.33975,279.00,1272.00,4.5591397849462
12.332982382044,51.38887375,174.00,990.00,5.6896551724138
12.41532,51.32097,218.00,1293.00,5.9311926605505
12.3795445,51.3322892,389.37,2943.00,7.5583635102858
12.32166,51.34469,189.00,857.00,4.5343915343915
12.3350163152217,51.3200849,204.09,1045.00,5.1202900681072
12.312221096487,51.32956305,513.00,2450.00,4.775828460039
12.379687180306,51.31838365,250.00,1347.00,5.388
12.3204,51.33588,272.00,1767.00,6.4963235294118
12.29005,51.35989,156.96,725.00,4.6190112130479
12.3434818,51.3706158,287.88,1506.99,5.2347853272197
12.3206614,51.346821,157.00,817.20,5.2050955414013
12.41334,51.3326,240.00,1380.00,5.75
12.403659,51.3343697,438.11,2309.00,5.270365889845
12.3766731,51.3746765,155.76,834.00,5.3543913713405
12.2613498,51.3119717,229.00,1017.00,4.4410480349345
12.3287396,51.32079,253.00,1358.00,5.3675889328063
12.3562569,51.3859009,251.48,1391.00,5.5312549705742
12.4045375,51.3353804,341.10,2140.00,6.2738199941366
12.4111072,51.3567851,462.60,2252.00,4.8681366191094
12.3222341,51.344356,795.07,5290.00,6.6535022073528
12.3299695,51.32254,162.15,840.00,5.1803885291397
12.38155,51.32214,1747.27,14638.00,8.377640547826
12.41289,51.32473,365.60,2125.00,5.812363238512
12.4194468,51.3452259,536.00,2682.00,5.0037313432836
12.416140558118,51.32302755,139.00,684.00,4.9208633093525
12.3176014,51.3468517,156.60,782.00,4.9936143039591
12.4193729254834,51.35364295,695.66,3247.10,4.6676537388954
12.4092215,51.33611,235.00,1165.00,4.9574468085106
12.31752,51.33093,204.00,1084.00,5.3137254901961
12.409433553008,51.3565471,188.00,999.00,5.313829787234
12.4101,51.33202,324.10,1730.00,5.3378586855909
12.3220326,51.316896,224.37,1096.00,4.8847885189642
12.3696104,51.3565984,299.90,1558.00,5.1950650216739
12.4632833,51.3533998,159.06,695.09,4.3699861687414
12.3784,51.3657,475.34,2960.47,6.2281104051837
12.3177642,51.3428822,179.00,606.00,3.3854748603352
12.4032689,51.3657948,346.00,1528.00,4.4161849710983
12.3249424,51.3217307,172.16,965.00,5.605250929368
12.3350734,51.3386184,361.00,1845.00,5.1108033240997
12.40819925,51.34686955,350.00,1673.00,4.78
12.34508,51.32994,360.21,2928.00,8.128591654868
12.40839,51.3357,293.00,1336.25,4.5605802047782
12.2929547000785,51.314662,289.88,1319.12,4.550572650752
12.40848,51.34222,322.58,2287.00,7.0897141794284
12.4126498,51.333922,367.61,1784.00,4.8529691792933
12.3785542,51.3135893,292.90,2637.00,9.0030727210652
12.39958329931,51.34603295,178.00,830.00,4.6629213483146
12.2894882,51.3171764,265.29,1182.32,4.4567077537789
12.380240200262,51.31551045,246.00,1273.00,5.1747967479675
12.3662237209,51.34137575,260.64,1820.00,6.9828115408226
12.3595479,51.3728562,222.00,1481.00,6.6711711711712
12.40659,51.33736,209.00,1025.00,4.9043062200957
12.3609664,51.3753331,421.31,2187.44,5.1919963922053
12.3954862,51.3590369,255.35,1414.00,5.5374975523791
12.3637005,51.3645775,297.85,1755.00,5.8922276313581
12.3446042,51.3268825,297.78,1736.00,5.8298072402445
12.3238409,51.3396697,374.00,2110.00,5.6417112299465
12.40623,51.34641,314.28,1364.49,4.3416380297824
12.46873,51.27988,185.22,1010.00,5.4529748407299
12.40551,51.32038,151.00,918.00,6.0794701986755
12.3719501,51.3465086,138.57,945.00,6.8196579346179
12.4316217,51.3406254,557.66,2704.00,4.8488326220278
12.34319,51.32334,144.00,800.00,5.5555555555556
12.4043572,51.3769602,179.27,895.23,4.9937524404529
12.37462,51.35375,173.84,1180.00,6.7878508973769
12.415011,51.3357336,216.30,1339.00,6.1904761904762
12.31068,51.34924,315.00,1360.95,4.3204761904762
12.4215678,51.3084084,594.00,3185.00,5.3619528619529
12.3741528,51.3091178,185.00,1050.00,5.6756756756757
12.37309,51.36728,321.00,2380.00,7.4143302180685
12.3739,51.32345,74.63,732.00,9.808388047702
12.3166111,51.3754948,138.00,770.00,5.5797101449275
12.3252336,51.3394749,246.00,1797.00,7.3048780487805
12.385715657635,51.362986845266,198.85,1027.00,5.1646970077948
12.3782780976539,51.305421,289.10,1959.00,6.7762020062262
12.34148,51.32546,198.85,1455.00,7.3170731707317
12.3253193,51.3392208,232.46,1050.00,4.5169061343887
12.4076141,51.373427,261.92,1322.00,5.0473427000611
12.34094,51.33207,309.90,2495.00,8.0509841884479
12.4228662,51.3216202,394.73,1945.00,4.9274187419249
12.4285531,51.2961061,966.86,5348.03,5.5313385598742
12.34049,51.33007,235.00,1716.00,7.3021276595745
12.4104339,51.3566066,255.54,1763.50,6.9010722391798
12.321218,51.3871026,165.79,836.75,5.0470474696906
12.3395,51.32444,227.08,1545.00,6.8037695966179
12.40137,51.37596,90.36,540.00,5.9760956175299
12.379351,51.3107919,193.00,1030.00,5.3367875647668
12.3710928,51.3575918,217.39,1210.00,5.5660333962004
12.40092,51.33664,442.88,2418.00,5.4597182080925
12.3695714,51.3315744,123.69,909.00,7.3490177055542
12.3572334,51.38617,139.12,762.00,5.4772857964347
12.33853511199,51.3363676,426.04,2397.32,5.6269833818421
12.387954223097,51.3396996,406.66,3422.00,8.4148920474106
12.3078642,51.3489497,148.97,750.00,5.0345707189367
12.3828051,51.3598,536.25,3480.00,6.4895104895105
12.3079237574229,51.33519145,259.76,1425.68,5.4884508777333
12.46261,51.35423,184.27,818.91,4.4440766266891
12.36769,51.33869,242.02,1321.00,5.4582265928436
12.4041812,51.3783183,186.60,1021.84,5.4760986066452
12.3891155013816,51.32671065,587.60,3171.25,5.3969537100068
12.3783524,51.3198763,232.70,1412.40,6.0696175333047
12.36742,51.3181,227.00,1578.00,6.9515418502203
12.379102973392,51.3491007,271.32,1610.00,5.9339525283798
12.3765567,51.3735347,156.94,818.00,5.2121829998726
12.386360728904,51.334745556571,192.11,1018.15,5.2998282234137
12.4081667,51.3466491,247.16,1075.60,4.3518368668069
12.334720003736,51.37164825,610.15,3155.00,5.1708596246825
12.36661,51.36353,292.47,1385.00,4.7355284302664
12.3078074045247,51.34960715,210.00,868.00,4.1333333333333
12.3754724,51.3219643,140.00,801.00,5.7214285714286
12.4071767,51.3393763,270.40,1376.00,5.0887573964497
12.3635844,51.3815169,179.42,953.00,5.3115594694014
12.3271703,51.3258958,231.00,1145.00,4.95670995671
12.3813221,51.3101186,345.00,1658.00,4.8057971014493
12.39534,51.33277,133.27,755.00,5.6651909657087
12.39615,51.33178,351.00,2683.50,7.6452991452991
12.30249,51.3244,182.94,995.00,5.4389417295288
12.4148734,51.3231936,194.10,1160.00,5.9763008758372
12.404250213327,51.3307726,591.50,3335.00,5.6382079459003
12.3780222,51.3338047,372.00,3420.00,9.1935483870968
12.410785,51.344521,572.39,2229.00,3.8941980118451
12.38131135,51.30598245,507.00,3111.00,6.1360946745562
12.3257988,51.3318719,356.45,1820.00,5.1059054565858
12.4003754,51.33732,187.00,928.00,4.9625668449198
12.4027753,51.3481523,144.89,764.00,5.2729656981158
12.29979,51.3237,190.00,870.00,4.5789473684211
12.36238,51.36504,458.78,2548.00,5.5538602380226
12.4052609,51.3738432,174.28,792.55,4.5475671333486
12.3621143,51.3659537,146.00,820.00,5.6164383561644
12.26818,51.31684,348.40,1121.00,3.2175660160735
12.371608225274,51.36693825,218.00,1404.00,6.4403669724771
12.36157,51.35862,520.00,3601.00,6.925
12.45478,51.35132,510.87,2226.48,4.3582124610958
12.3264887,51.3423468,587.08,3162.00,5.3859780609116
12.3176715795548,51.331841,284.63,1402.04,4.9258335382778
12.388430053159,51.338710237467,1463.78,13059.50,8.9217641995382
12.3674968,51.3250979,495.00,4603.00,9.2989898989899
12.365444,51.3229915,377.00,2420.00,6.4190981432361
12.405925,51.335156,276.23,1826.00,6.6104333345401
12.3225674,51.344181,806.53,5700.00,7.0673130571708
12.32735,51.34178,448.71,3740.23,8.335517372022
12.3205146,51.3519185,226.87,1345.00,5.9285053114118
12.3806276,51.3098823,180.00,1194.00,6.6333333333333
12.42128,51.34381,159.03,736.00,4.6280575991951
12.3966768,51.3461642,203.00,940.00,4.6305418719212
12.38958,51.33523,507.69,5015.97,9.8799858181174
12.42092,51.37704,135.40,830.00,6.1299852289513
12.365514862543,51.3409103,268.00,2280.00,8.5074626865672
12.4213571,51.3344074,290.30,1600.00,5.5115397864278
12.3851642770587,51.32860915,351.96,1877.10,5.3332765086942
12.410069,51.355102,440.00,1858.00,4.2227272727273
12.400128838864,51.3460456,281.00,1290.00,4.5907473309609
12.45118,51.3466,152.00,653.00,4.2960526315789
12.297497,51.3168038,270.21,1275.00,4.7185522371489
12.3903599,51.3459758,291.98,1770.00,6.0620590451401
12.2816974699467,51.327143927081,239.04,983.64,4.1149598393574
12.3212045,51.3450095,371.00,2440.00,6.5768194070081
12.2708582,51.3062435,202.78,724.50,3.5728375579446
12.32582,51.32167,326.45,1920.00,5.8814519834584
12.44947,51.34585,250.00,863.00,3.452
12.378072703048,51.306161560975,177.20,942.00,5.3160270880361
12.4087233,51.3577182,181.14,994.00,5.4874682565971
12.3156968265889,51.34592875,198.68,1143.00,5.7529695993557
12.4033921,51.3411818,111.64,1135.00,10.166606950914
12.3786046,51.3346237,137.00,1072.00,7.8248175182482
12.3950396,51.2873224,722.38,3739.00,5.1759461779119
12.41678,51.3387,192.00,1060.00,5.5208333333333
12.38562,51.32967,118.00,1085.40,9.1983050847458
12.3858,51.3751,579.00,4016.00,6.9360967184801
12.3858,51.32968,442.22,4002.08,9.0499751255031
12.4103989,51.355092,369.00,2211.00,5.9918699186992
12.3308198941704,51.3320552,269.00,1656.00,6.1561338289963
12.41732,51.3466,252.30,948.37,3.7588981371383
12.3995694,51.3760244,159.35,905.00,5.6793222466269
12.3855171,51.3611945,252.56,1765.65,6.9910120367437
12.3663437,51.3625202,204.00,600.00,2.9411764705882
12.38481,51.33035,305.33,1930.00,6.3210297055645
12.3300282,51.32177655,204.50,1066.00,5.2127139364303
12.2907043,51.3550707,213.00,994.00,4.6666666666667
12.3994665,51.3001233,147.51,760.00,5.1521930716562
12.41642,51.37528,245.00,1754.12,7.1596734693878
12.3121747,51.3498339,288.25,1260.00,4.3712055507372
12.2638769,51.3113642,190.00,853.00,4.4894736842105
12.32078,51.33589,512.41,2888.00,5.6361117074218
12.2865173,51.3197332,395.00,1821.00,4.6101265822785
12.41543,51.35647,174.44,1428.00,8.1861958266453
12.380173,51.3318982,243.31,1811.00,7.4431794829641
12.4086846,51.3548713,272.00,1535.00,5.6433823529412
12.38355,51.33582,278.00,1772.00,6.3741007194245
12.3066592,51.3337958,172.00,1058.00,6.1511627906977
12.3169616,51.3753399,219.65,1300.00,5.9185067152288
12.41363,51.35845,146.00,825.00,5.6506849315068
12.41399,51.35716,197.82,1011.00,5.1107067030634
12.3193314,51.3436448,231.67,1085.00,4.6833858505633
12.363490873739,51.333264159236,224.32,1500.00,6.6868758915835
12.3915081,51.2996715,327.00,2316.00,7.0825688073394
12.3810845929297,51.32429115,411.00,2680.00,6.5206812652068
12.31934,51.34483,195.00,1175.00,6.025641025641
12.4200839,51.3813132,178.61,996.00,5.5763954985723
12.3874111,51.3428039,193.74,1040.00,5.3680189945287
12.4241637,51.3527862,181.50,743.15,4.0944903581267
12.4116543,51.3527426,232.00,1299.00,5.5991379310345
12.364775,51.3436583,235.58,1492.00,6.3333050343832
12.41165,51.33021,183.20,1138.28,6.2133187772926
12.41174,51.32945,174.00,877.00,5.0402298850575
12.372158375676,51.32194185,309.00,1944.00,6.2912621359223
12.416956687136,51.33259215213,180.00,920.00,5.1111111111111
12.366813141296,51.362011,170.75,885.00,5.1830161054173
12.3794914,51.3082012,189.00,957.00,5.0634920634921
12.3777841870019,51.33732475,266.52,2278.00,8.5472009605283
12.41066,51.3508,206.45,1025.00,4.9648825381448
12.4092372,51.3559027,282.00,1168.40,4.1432624113475
12.3804771,51.3042261,147.00,931.00,6.3333333333333
12.2744328288586,51.3202614,171.00,896.40,5.2421052631579
12.37887,51.3496,127.60,893.00,6.9984326018809
12.3644064,51.3333033,605.72,4250.00,7.0164432411015
12.37824,51.33276,607.00,4680.00,7.7100494233937
12.4191667,51.4107194,160.00,905.00,5.65625
12.377148003623,51.3246043,305.06,2030.00,6.6544286369894
12.37797,51.34146,399.35,2990.00,7.4871666457994
12.40931,51.33305,192.68,1150.00,5.9684450903052
12.317934514851,51.3316385,244.68,1131.09,4.6227317312408
12.4097471,51.3512233,271.10,1260.00,4.6477314644043
12.4155068,51.325674,608.98,3291.23,5.404496042563
12.415949994534,51.3240327,437.00,2047.00,4.6842105263158
12.3674833,51.3159233,400.48,4343.04,10.844586496205
12.3253138,51.3126612,135.00,760.00,5.6296296296296
12.4641646,51.3527265,588.91,2609.21,4.4305751303255
12.399539,51.375886,257.24,1455.00,5.6561965479708
12.3250524,51.344248,302.24,1545.00,5.1118316569614
12.3705774,51.3285027,579.52,2885.96,4.9799144119271
12.330716358887,51.33280715,903.00,4216.00,4.6688815060908
12.37626,51.36726,164.42,770.00,4.6831285731663
12.3081631,51.2702186,241.10,1114.00,4.6204894234757
12.4384043,51.3503679,209.14,1200.00,5.7377833030506
12.3873552,51.2957122,150.14,825.00,5.4948714533102
12.343011857698,51.3237792,387.50,2148.00,5.5432258064516
12.4175338,51.3385451,245.60,1153.00,4.69462540716617512
